epoch,train_total,train_recon,train_mixing,train_zero_recon,train_z_l2,val_recon,S,argmax_k,lr,sec,rho_e0,rho_e1,rho_e2,rho_e3,rho_e4,rho_e5,rho_e6,rho_e7
1,0.39775828434073407,0.3594159730102705,3.5735913359600566,0.06964994136891935,1.9099014634671418,0.12667645941840278,0.054906636476516724,2.0,0.001,4.208048582077026,0.05008317530155182,0.05122554674744606,0.054906636476516724,0.05434328317642212,0.05043220520019531,0.037142734974622726,0.048118945211172104,0.04499823600053787
2,0.2583465174488399,0.2203473571849906,3.552814379982326,0.021181317198130746,2.2592052273128345,0.10343281724717882,0.05935141444206238,3.0,0.001,3.6101207733154297,0.04393601417541504,0.04599926993250847,0.05236535146832466,0.05935141444206238,0.04250349849462509,0.043946169316768646,0.047426700592041016,0.047415342181921005
3,0.2374940812587738,0.20068360022876575,3.4804300639940347,0.007765857538248858,1.9285219855930493,0.1053734368218316,,,0.001,3.3868045806884766,,,,,,,,
4,0.22343233486880426,0.1876946797837382,3.3911134885705034,0.007718960643219559,1.7493330395740012,0.09528322177463108,0.053991399705410004,3.0,0.001,3.595280885696411,0.04084090143442154,0.0517023503780365,0.05205864831805229,0.053991399705410004,0.0441480427980423,0.04883258417248726,0.044746559113264084,0.05167573690414429
5,0.2093749752511149,0.17538386907266534,3.2584992699001147,0.0020878093808120034,1.3852340190306953,0.09167120022243924,,,0.001,3.4647412300109863,,,,,,,,
6,0.1984235845182253,0.16575810896313709,3.139220496882563,0.002469959575176725,1.2485691516295723,0.08144622294108073,0.0710914358496666,3.0,0.001,3.6161270141601562,0.05690225213766098,0.04824940487742424,0.0514121949672699,0.0710914358496666,0.05057014897465706,0.047454021871089935,0.045636117458343506,0.06705394387245178
7,0.18983111562936203,0.15858811528786368,3.0139358561971914,0.002300642137213246,1.0806331997332366,0.08575,,,0.001,3.4685964584350586,,,,,,,,
8,0.19547712738099304,0.16523758030456046,2.910717031230097,0.008401425380725414,1.0483653234398884,0.08290932210286459,0.08662689477205276,3.0,0.001,3.5662174224853516,0.0603867769241333,0.0501282662153244,0.05317482352256775,0.08662689477205276,0.04990198835730553,0.05439767241477966,0.05132769048213959,0.06461089104413986
9,0.18943035796932553,0.16021777495093967,2.81418658339459,0.004995477346592056,1.0207627026931099,0.08483581203884549,,,0.001,3.4873878955841064,,,,,,,,
10,0.17593162992726202,0.14764734843502875,2.7255660139996074,0.003171240462941806,0.9969079183495563,0.07326097954644097,0.07292227447032928,3.0,0.001,3.5916383266448975,0.06177935749292374,0.04736108332872391,0.050888970494270325,0.07292227447032928,0.044266477227211,0.060854025185108185,0.04560936242341995,0.05851689726114273
11,0.1658208007397859,0.13862606753473697,2.625143807867299,0.0007507981436387838,0.9357881675595823,0.07047212897406684,,,0.001,3.4992353916168213,,,,,,,,
12,0.1584531800902408,0.13223370261814282,2.529449058615643,0.002217618728299504,0.9028122450994409,0.06748899163140192,0.11435099691152573,3.0,0.001,3.606678009033203,0.07929964363574982,0.055824924260377884,0.055565010756254196,0.11435099691152573,0.04404932260513306,0.0570409782230854,0.05295984819531441,0.0619635172188282
13,0.14962224079215009,0.12418866092744081,2.453237886014192,0.0012464921316638104,0.8887365460395813,0.06574248080783421,,,0.001,3.4734983444213867,,,,,,,,
14,0.1384928381961325,0.11380604622156723,2.3812338269275166,0.0013051329562744206,0.8614031698392786,0.06310785590277777,0.1023559644818306,3.0,0.001,3.5722148418426514,0.06850671768188477,0.04820108786225319,0.05295667424798012,0.1023559644818306,0.050960980355739594,0.056538958102464676,0.05208968743681908,0.055667489767074585
15,0.1330731488440348,0.10903111845254898,2.318759938944941,0.0018097441921860952,0.8363325310790021,0.05869168429904514,,,0.001,3.425096273422241,,,,,,,,
16,0.12447648074315942,0.10098304891068002,2.2647891355597456,0.0010096855479312817,0.8354439294856527,0.053538565741644964,0.16777151823043823,3.0,0.001,3.520570755004883,0.06695123016834259,0.054549384862184525,0.05425667017698288,0.16777151823043823,0.051124922931194305,0.058750081807374954,0.05211067199707031,0.05665188655257225
17,0.1167345691634261,0.09381203191435855,2.207436706708825,0.0010747386233719146,0.8374222413353298,0.04954009924994575,,,0.001,3.3938326835632324,,,,,,,,
18,0.1109111642707949,0.08858509232168613,2.1501909442569898,0.0006014830369563044,0.8181481128153594,0.050616337246365016,0.2879837453365326,3.0,0.001,3.5163333415985107,0.07381100207567215,0.04162559658288956,0.0553249828517437,0.2879837453365326,0.05182693898677826,0.05622630566358566,0.0547633171081543,0.08678032457828522
19,0.10843460877304492,0.0865927160434101,2.100251985632855,0.0013898057159562798,0.8254759855892347,0.04185919867621528,,,0.001,3.4686763286590576,,,,,,,,
20,0.10300141443376956,0.08164771646261215,2.053141956743987,0.0007839836610440651,0.8144392293432484,0.04390141889784071,0.35679325461387634,3.0,0.001,3.5220987796783447,0.07076942175626755,0.04913455992937088,0.05671631544828415,0.35679325461387634,0.04685730114579201,0.05724278837442398,0.053568463772535324,0.09267561137676239
21,0.0999263949368311,0.0790190810094709,2.008187542790952,0.0006358806744885995,0.8190797852433246,0.0441334482828776,,,0.001,3.3779139518737793,,,,,,,,
22,0.09428568443526393,0.07378260823695557,1.9684432071188223,0.0009361247060081477,0.8092836893123129,0.038348446316189236,0.4268437922000885,3.0,0.001,3.492039442062378,0.07589179277420044,0.04606858268380165,0.05964189022779465,0.4268437922000885,0.05013793334364891,0.05461021140217781,0.05167418718338013,0.09794732928276062
23,0.08811162476954253,0.0680241484356963,1.928214658861575,0.0004046341826957043,0.8012845386629519,0.034963439093695745,,,0.001,3.3299036026000977,,,,,,,,
24,0.09251882848532303,0.07275958715573601,1.8953499431195466,0.0005849211865216089,0.7998946257259535,0.03572740088568793,0.5146871209144592,3.0,0.001,3.4903500080108643,0.07655216008424759,0.05329102650284767,0.056690286844968796,0.5146871209144592,0.04853520542383194,0.05590202659368515,0.050585027784109116,0.11462829262018204
25,0.08775100759837938,0.06820292349742807,1.8724357356195864,0.0010472787575765876,0.8132535789323889,0.033906360202365454,,,0.001,3.336681842803955,,,,,,,,
26,0.08146575158057005,0.06219742609106976,1.844577949980031,0.0007026805377909509,0.8155196982881298,0.029753817664252388,0.5564526319503784,3.0,0.001,3.6015465259552,0.07400858402252197,0.050481587648391724,0.05937468260526657,0.5564526319503784,0.04717625677585602,0.05576622858643532,0.047944895923137665,0.09070587903261185
27,0.07761262875536214,0.05869048185970472,1.8114639831625896,0.0005241660262032857,0.8022659213646598,0.03297844950358073,,,0.001,3.4440269470214844,,,,,,,,
28,0.07693883809058563,0.058282515115064125,1.7841639674228171,0.0010784805503056343,0.8038998272107996,0.030490916358100043,0.58359694480896,3.0,0.001,3.524566650390625,0.07996506989002228,0.04792536795139313,0.05669649690389633,0.58359694480896,0.05257659777998924,0.06010245159268379,0.05667361617088318,0.09735744446516037
29,0.07599033382923706,0.05755751984922782,1.7616732379664546,0.0006094814939981164,0.8099872729052668,0.03367156643337674,,,0.001,3.514547824859619,,,,,,,,
30,0.07489982344534087,0.056692307572002,1.7388483959695566,0.0004936403970730127,0.8140956474387128,0.030506710052490234,0.6040719747543335,3.0,0.001,3.591961145401001,0.07679324597120285,0.05271114781498909,0.06179434433579445,0.6040719747543335,0.04993778094649315,0.05358106270432472,0.053586676716804504,0.11409037560224533
31,0.07169021309717842,0.05370032155643339,1.7166283856267515,0.0010157148986447441,0.813451463761537,0.027290071275499133,,,0.001,3.455380439758301,,,,,,,,
32,0.06950145992247955,0.051718401682117714,1.6959788954776267,0.0007922920473071787,0.8153473890346029,0.028562088012695313,0.608363687992096,3.0,0.001,3.544461250305176,0.08043798804283142,0.05215947702527046,0.05934080481529236,0.608363687992096,0.04923378676176071,0.061158448457717896,0.055020783096551895,0.11565431207418442
33,0.07062051639608714,0.05307487463173659,1.6730943192606387,0.0004279583581196873,0.810419922289641,0.02622238540649414,,,0.001,3.4727671146392822,,,,,,,,
34,0.07079133197017339,0.05341733927312105,1.653766331465348,0.002590382092065461,0.8104260382444962,0.03078814697265625,0.6229419112205505,3.0,0.001,3.6004393100738525,0.07979904860258102,0.04676273465156555,0.05878659337759018,0.6229419112205505,0.04588359594345093,0.057959433645009995,0.054542433470487595,0.09724363684654236
35,0.06413930686919586,0.04693837415265,1.6376105754271797,0.0012132924280392574,0.8126938809519229,0.027174203236897787,,,0.001,3.4664416313171387,,,,,,,,
36,0.06651411675240683,0.04949783711977627,1.620414630226467,0.0006112673395166538,0.8060203401938729,0.026240220811631944,0.6582642793655396,3.0,0.001,3.674821376800537,0.08739861845970154,0.04599839076399803,0.0615890771150589,0.6582642793655396,0.050543032586574554,0.0614602267742157,0.05251036211848259,0.12416324019432068
37,0.062192666141883186,0.04534661219171856,1.6028584967488828,0.0005253399886778029,0.8122162559758062,0.025694842868381078,,,0.001,3.441920757293701,,,,,,,,
38,0.06070074098913566,0.04406674983708755,1.582340121269226,0.00031026229281332746,0.8074879905451899,0.02489459016587999,0.6484230160713196,3.0,0.001,3.575401544570923,0.08962741494178772,0.044732701033353806,0.06254135817289352,0.6484230160713196,0.049358706921339035,0.06184958666563034,0.05065520107746124,0.12403023988008499
39,0.06055628573117049,0.044122239007898,1.5624389855758003,0.0009953786572188383,0.7997034269830455,0.02280754216512044,,,0.001,3.457850694656372,,,,,,,,
40,0.0587798152928767,0.042512923803018486,1.5463325925495313,0.00038266996726515174,0.7997387388478154,0.02350337685479058,0.6455163955688477,3.0,0.001,3.5879886150360107,0.0890260860323906,0.04959157854318619,0.06017529219388962,0.6455163955688477,0.044908519834280014,0.06056353077292442,0.04998050257563591,0.1255151331424713
41,0.058005957499794335,0.041927850764730705,1.5283440247825955,0.0004050810821354389,0.7906159810397936,0.024042659759521485,,,0.001,3.4651355743408203,,,,,,,,
42,0.056706184764271195,0.04080406689773435,1.5105738484341165,0.00046882298129671455,0.7916909482168115,0.02475560506184896,0.614342212677002,3.0,0.001,3.53176212310791,0.09330884367227554,0.04581715539097786,0.058792367577552795,0.614342212677002,0.04388152435421944,0.06086574122309685,0.05631304159760475,0.12954768538475037
43,0.05579252751625102,0.040064475782539535,1.4942503234614497,0.000331418229072132,0.7822346220845762,0.0229404296875,,,0.001,3.473594903945923,,,,,,,,
44,0.05839101581469826,0.04279052126018897,1.481170882349429,0.000923117756863813,0.7795549890269404,0.02509443664550781,0.6257762312889099,3.0,0.001,3.6139211654663086,0.09096793085336685,0.04871099814772606,0.06035850942134857,0.6257762312889099,0.04528944566845894,0.06176267936825752,0.05111393332481384,0.11176517605781555
45,0.05570739864007286,0.04019891373489214,1.4717061208642048,0.000624855915109789,0.7851758106895115,0.02952874247233073,,,0.001,3.5405070781707764,,,,,,,,
46,0.05499781441429387,0.03963247751412184,1.4580417042193206,0.000648680276556305,0.7784332892169123,0.02217265913221571,0.6456360220909119,3.0,0.001,3.8060684204101562,0.08881869912147522,0.046551983803510666,0.059518489986658096,0.6456360220909119,0.045244984328746796,0.05990424007177353,0.053245142102241516,0.12604030966758728
47,0.05318684535829917,0.037983062798562256,1.4429650928663171,0.0003802503184567246,0.770329449487769,0.021931179894341363,,,0.001,3.4507009983062744,,,,,,,,
48,0.05098159416862156,0.03593716835198195,1.4274924112402874,0.0003515423431172562,0.7659862430199332,0.02050089645385742,0.6782121658325195,3.0,0.001,3.7409253120422363,0.10462591052055359,0.04771185666322708,0.06123039126396179,0.6782121658325195,0.05018945410847664,0.06343433260917664,0.05276497080922127,0.12311991304159164
49,0.05093111437947854,0.036059516603532044,1.4111584424972534,0.00027498950056843057,0.7572640154672705,0.02003838602701823,,,0.001,3.5471484661102295,,,,,,,,
50,0.053464488490768104,0.038720126223305,1.3984074177949324,0.0004949027580036984,0.7553389253823654,0.02312455325656467,0.6280815005302429,3.0,0.0001,3.735049247741699,0.08973140269517899,0.05037251487374306,0.05883507430553436,0.6280815005302429,0.04711221158504486,0.0579197034239769,0.04869454726576805,0.11199194192886353
51,0.04813269882098488,0.03344827080550401,1.3916774936344312,0.000519873786327915,0.762455051359923,0.020062257978651257,,,0.0001,3.4521617889404297,,,,,,,,
52,0.045073902477388794,0.030482289097879246,1.3833971697351206,0.00016429209157966238,0.7559993759445522,0.018995083279079863,0.6553652286529541,3.0,0.0001,3.6198644638061523,0.08957169204950333,0.04516134038567543,0.05905060097575188,0.6553652286529541,0.052551452070474625,0.05704459175467491,0.052360374480485916,0.1115684062242508
53,0.044486046323309776,0.029954987699570862,1.377607884614364,0.00021282120154785883,0.7528517583142156,0.01830267545912001,,,0.0001,3.493375539779663,,,,,,,,
54,0.044219417416531105,0.02973314115534658,1.3733481376067451,0.00018640276760814467,0.7509314547414365,0.019471218532986112,0.6504175066947937,3.0,0.0001,3.6128041744232178,0.09419950097799301,0.04562554880976677,0.06173690780997276,0.6504175066947937,0.05183982476592064,0.06115002930164337,0.05231652781367302,0.12211239337921143
55,0.044646425739578575,0.03018965191491272,1.3706696448118791,0.0002117464736448196,0.7479604042094686,0.018612345377604166,,,0.0001,3.509002923965454,,,,,,,,
56,0.04411105552445287,0.029688826478693798,1.3674020508061284,0.0001852430957470737,0.746356813803963,0.019772574530707465,0.6499864459037781,3.0,0.0001,3.608975887298584,0.09785588085651398,0.045955490320920944,0.059783756732940674,0.6499864459037781,0.050076138228178024,0.05912414565682411,0.050770219415426254,0.12869039177894592
57,0.04346675539146299,0.02908004901331404,1.3640179063962854,0.00014154869954243463,0.7451124320859495,0.018542420281304255,,,0.0001,3.460650682449341,,,,,,,,
58,0.04369235767618469,0.029336319345494976,1.361044132191202,0.00015433806845027468,0.7440535244734391,0.018128684361775716,0.6504783630371094,3.0,0.0001,3.5486557483673096,0.10069973021745682,0.047913555055856705,0.0631350576877594,0.6504783630371094,0.049998801201581955,0.06242353841662407,0.05224037170410156,0.13145695626735687
59,0.04334993790025297,0.02901721494677274,1.3588051173997961,0.0001535119391400772,0.7431363722552424,0.017802690505981444,,,0.0001,3.438793897628784,,,,,,,,
60,0.043593455106019974,0.029289014232547386,1.356142935545548,0.00014821447099245194,0.7415299467418505,0.0185988892449273,0.6520900130271912,3.0,0.0001,3.5369112491607666,0.09276958554983139,0.04638338088989258,0.059880077838897705,0.6520900130271912,0.05435223504900932,0.05605028569698334,0.0506393164396286,0.13064086437225342
61,0.043470210679199386,0.029189745207195698,1.3538502662078193,0.00013990642353588635,0.7405649060788362,0.018248520533243814,,,0.0001,3.4118402004241943,,,,,,,,
62,0.04309681527640508,0.02884308961422547,1.3512600245683088,0.00014916412486775738,0.7396347859631414,0.01835354741414388,0.6480411887168884,3.0,0.0001,3.545983076095581,0.1006557047367096,0.04664649814367294,0.06130944937467575,0.6480411887168884,0.04956847429275513,0.06363405287265778,0.05354577302932739,0.13251164555549622
63,0.04313308178730633,0.02890169482840144,1.3492112937180891,0.0001539683378169961,0.7377344603123872,0.01790076658460829,,,0.0001,3.384514570236206,,,,,,,,
64,0.0431395356097947,0.028937284875175228,1.3463832243629124,0.00013801134058588144,0.7370386952939241,0.018691250695122612,0.6486201882362366,3.0,0.0001,3.5792012214660645,0.09545377641916275,0.043712448328733444,0.059629905968904495,0.6486201882362366,0.04730180278420448,0.05965796485543251,0.05114847049117088,0.13234351575374603
65,0.04285304118757662,0.028675616192428963,1.344049282695936,0.0001223695928828143,0.7357083066650059,0.01775968911912706,,,0.0001,3.4110817909240723,,,,,,,,
66,0.04269041542125785,0.028534155824910038,1.3420988787775454,0.00011659388648062621,0.7341057217639425,0.01719911575317383,0.6530376076698303,3.0,0.0001,3.5302953720092773,0.10360448062419891,0.046466510742902756,0.05929051339626312,0.6530376076698303,0.04664340242743492,0.05818980559706688,0.04996137693524361,0.13198032975196838
67,0.04262417846399805,0.028496442038727844,1.339352187903031,0.00011083817599169181,0.7331071288689323,0.01878905338711209,,,0.0001,3.4589829444885254,,,,,,,,
68,0.042798673005207725,0.028698173958970154,1.336778744407322,0.00011777722861354604,0.7315343126006748,0.01863232209947374,0.647509753704071,3.0,0.0001,3.5677173137664795,0.09534797072410583,0.04488833248615265,0.059516143053770065,0.647509753704071,0.04679819196462631,0.058428291231393814,0.04862961918115616,0.13219156861305237
69,0.0426363272835379,0.028556797734421234,1.3347868349241174,0.0001190171742168984,0.7304715721503549,0.017368793487548828,,,0.0001,3.4442362785339355,,,,,,,,
70,0.04247322403218435,0.028413634666282196,1.3328623460686726,0.00012102544196354954,0.7297554897225421,0.019284448835584854,0.6451040506362915,3.0,0.0001,3.5611839294433594,0.10808134824037552,0.045929212123155594,0.06160224974155426,0.6451040506362915,0.047071874141693115,0.06366205960512161,0.04752613976597786,0.13132667541503906
71,0.042112136826567025,0.028082906066075615,1.329963233159936,0.00010866403349412039,0.7285127069639123,0.01867943318684896,,,0.0001,3.430906057357788,,,,,,,,
72,0.04210690101203711,0.02810256393707317,1.3275317523790442,0.00015755662025185302,0.7274443222128827,0.017486248016357422,0.6444868445396423,3.0,0.0001,3.5287582874298096,0.10355158150196075,0.04551377147436142,0.061052072793245316,0.6444868445396423,0.04753865674138069,0.0625009760260582,0.04827228561043739,0.13456003367900848
73,0.04192765089480773,0.027948932479257168,1.3251060351081516,0.00013473933358909562,0.72631044232327,0.01750649494594998,,,0.0001,3.4662024974823,,,,,,,,
74,0.04257993059961692,0.028625504397179768,1.322805845219156,0.00011768200182932955,0.7251909738001616,0.01806393093532986,0.6589328646659851,3.0,0.0001,3.715526819229126,0.09856468439102173,0.04716739431023598,0.058639053255319595,0.6589328646659851,0.05434873327612877,0.05426676943898201,0.05105245113372803,0.13926205039024353
75,0.0422735925277938,0.028337236007918484,1.3209027466566667,0.00028887427723257923,0.724440204060596,0.018001895904541015,,,0.0001,3.4018020629882812,,,,,,,,
76,0.04187680780887604,0.027971846092006435,1.3180093143297278,0.0001754296425370621,0.7231148014897886,0.018319987614949546,0.6446976661682129,3.0,0.0001,3.565648078918457,0.10058791190385818,0.04587508738040924,0.05928639695048332,0.6446976661682129,0.0491262711584568,0.05354659631848335,0.05340241640806198,0.13072612881660461
77,0.042458589148262275,0.028567784020434254,1.3166943788528442,0.00017014399623882997,0.722160323806431,0.01875177510579427,,,0.0001,3.490222692489624,,,,,,,,
78,0.04211160022279491,0.028246770167480343,1.3142554293508115,0.00010431058288541745,0.7212330310241036,0.017437530517578126,0.6564770936965942,3.0,0.0001,3.5204267501831055,0.10208181291818619,0.04562612995505333,0.059290576726198196,0.6564770936965942,0.050758201628923416,0.0552804097533226,0.05117383226752281,0.13714666664600372
79,0.041692741863105606,0.027860239310109097,1.3111580869425898,0.00010071419123762652,0.7199145840561908,0.01742679617140028,,,0.0001,3.409346103668213,,,,,,,,
80,0.041150285821893944,0.027344799398080162,1.3084723068320232,0.00014674617958244988,0.7192956597908683,0.017500019285413955,0.6520670652389526,3.0,0.0001,3.5180368423461914,0.10371995717287064,0.045458849519491196,0.060088273137807846,0.6520670652389526,0.05059085413813591,0.05887371674180031,0.04651251435279846,0.14132635295391083
81,0.042329153450934784,0.028542345713662064,1.3067452648411626,0.00013305772597010693,0.7180247669634612,0.01830349434746636,,,0.0001,3.4569194316864014,,,,,,,,
82,0.0416779147218103,0.02791562838398892,1.3043358274128125,0.00011357220722382645,0.7177925965060359,0.017520794550577798,0.6379308700561523,3.0,0.0001,3.541966438293457,0.10348042100667953,0.04381902515888214,0.05865435674786568,0.6379308700561523,0.05154893174767494,0.05797132849693298,0.04607182368636131,0.13469626009464264
83,0.04102633780111437,0.02729348344323428,1.3014412600061167,0.0001490466032840271,0.716950976330301,0.01771102884080675,,,0.0001,3.3942017555236816,,,,,,,,
84,0.041463751507842025,0.027752599719425907,1.2993470274883767,0.000200866000934342,0.7156731797301251,0.017830843183729385,0.6502980589866638,3.0,0.0001,3.5737922191619873,0.09900075942277908,0.047856494784355164,0.05967332795262337,0.6502980589866638,0.04948178678750992,0.05851797014474869,0.0517892986536026,0.13547749817371368
85,0.0410548105188038,0.02736870013177395,1.2970166724661123,0.00015285849013193712,0.7144154880357825,0.01773956871032715,,,0.0001,3.3953723907470703,,,,,,,,
86,0.04091842116221138,0.027260551796011303,1.2943930729575779,9.726357023717593e-05,0.7129663565884465,0.017104871537950303,0.6451951861381531,3.0,0.0001,3.5010783672332764,0.10573737323284149,0.045932117849588394,0.059759415686130524,0.6451951861381531,0.04824242740869522,0.06079064682126045,0.05056421086192131,0.13497719168663025
87,0.040944829745137176,0.027312575879952183,1.291947753533073,9.935814064785676e-05,0.7117828415787738,0.017846103880140518,,,0.0001,3.3990890979766846,,,,,,,,
88,0.04140540358165036,0.027793301593350327,1.29004939224409,0.00010440487296917759,0.7105646003847537,0.01750110117594401,0.6641381978988647,3.0,0.0001,3.520725727081299,0.10140053927898407,0.045184604823589325,0.05845387652516365,0.6641381978988647,0.05207207426428795,0.05812087655067444,0.05002725496888161,0.1333596408367157
89,0.041068831701641495,0.02748128366859063,1.2876226020895916,0.00017859365439305648,0.7095364306284033,0.017501853730943467,,,0.0001,3.36519193649292,,,,,,,,
90,0.04068361174153245,0.02712242588724779,1.2850887879081394,0.0001068735342098238,0.7092293034429136,0.017815797170003256,0.6575804352760315,3.0,0.0001,3.4847469329833984,0.10081534087657928,0.04549649357795715,0.05865761637687683,0.6575804352760315,0.05098706856369972,0.058507051318883896,0.052317023277282715,0.13148300349712372
91,0.040500271579493645,0.026967224057601845,1.2823984571125195,0.00010111611671796392,0.7080523423526598,0.01734479120042589,,,0.0001,3.344637155532837,,,,,,,,
92,0.04029887444947077,0.026791776246998623,1.2799459540325662,9.627277398502211e-05,0.7066767915435459,0.01725233268737793,0.6515284180641174,3.0,0.0001,3.4736247062683105,0.10231237858533859,0.042842525988817215,0.060587167739868164,0.6515284180641174,0.04219835624098778,0.05979880318045616,0.048218175768852234,0.138082817196846
93,0.040693684440592064,0.027208119468844456,1.2779347170954165,0.00010053587396649401,0.7052123417025027,0.01769648594326443,,,0.0001,3.374863386154175,,,,,,,,
94,0.04043766613239828,0.026973435817205387,1.2758160207582556,0.00012257032959377798,0.7048451926397241,0.01718701977199978,0.6497003436088562,3.0,0.0001,3.5977120399475098,0.1030520647764206,0.046825673431158066,0.05941614508628845,0.6497003436088562,0.04418092593550682,0.06043733283877373,0.046136338263750076,0.13464494049549103
95,0.04038631689289342,0.026950879751340202,1.273165251897729,9.847897182107377e-05,0.7027993228124536,0.017168397267659504,,,0.0001,3.442495822906494,,,,,,,,
96,0.04025310034985128,0.02684347938908183,1.2705896367197451,0.00012184046974415769,0.7025067236112512,0.017379804611206053,0.6503802537918091,3.0,0.0001,3.526402473449707,0.10055532306432724,0.043974973261356354,0.06002477928996086,0.6503802537918091,0.045126017183065414,0.06081243231892586,0.049703966826200485,0.14303307235240936
97,0.04045872050135032,0.027070070171485775,1.2686355010322903,0.00012559493125477076,0.7010398144307344,0.018114299774169923,,,0.0001,3.417095422744751,,,,,,,,
98,0.0402582720246004,0.026893584462611572,1.2662471532821655,0.00015366979546936068,0.7006795613662057,0.017320777469211155,0.6488803625106812,3.0,0.0001,3.5244922637939453,0.10237152129411697,0.04466424137353897,0.06000514328479767,0.6488803625106812,0.050551287829875946,0.06018572300672531,0.04799200966954231,0.1369706392288208
99,0.03996137059901072,0.026625450862490612,1.263530819312386,0.00012467750069766265,0.6993651830631754,0.017489370981852215,,,0.0001,3.3646082878112793,,,,,,,,
100,0.04034050408264865,0.027025826032394947,1.2614334458890168,0.00017431497880075452,0.6985995821330858,0.018218961927625867,0.6500648260116577,3.0,1e-05,3.5219573974609375,0.10256381332874298,0.04732128977775574,0.06010428071022034,0.6500648260116577,0.0468466654419899,0.06253606081008911,0.052477382123470306,0.14368699491024017
101,0.03937753370922545,0.026086877221646515,1.2591501785361248,0.00010092702248822088,0.6981456538905269,0.017975184122721356,,,1e-05,3.3512818813323975,,,,,,,,
102,0.03935930489198021,0.02607910513229992,1.2581448244011921,7.107036008560301e-05,0.6980414753374846,0.016803390079074436,0.6494823098182678,3.0,1e-05,3.497976303100586,0.1024763435125351,0.04508178308606148,0.05995955318212509,0.6494823098182678,0.04949116334319115,0.06411423534154892,0.05186009779572487,0.1356644183397293
103,0.03946717698936877,0.026192788601569508,1.2575782174649446,7.110494429387315e-05,0.6978959648505502,0.017205371432834203,,,1e-05,3.4249067306518555,,,,,,,,
104,0.0392040623270947,0.02593452540104804,1.2571209876433662,7.200788272514373e-05,0.6976074861443561,0.017335630416870116,0.6488676071166992,3.0,1e-05,3.4977266788482666,0.09800586849451065,0.04507223516702652,0.059252869337797165,0.6488676071166992,0.044816821813583374,0.06104959920048714,0.051188621670007706,0.13313508033752441
105,0.03915086210421894,0.025885800790527592,1.2566742223242056,7.444942330830204e-05,0.6975750119789786,0.017245307710435656,,,1e-05,3.371525764465332,,,,,,,,
106,0.03934969720633134,0.026088518535961277,1.256308534870977,7.280725833919385e-05,0.6973656882410464,0.016973424699571398,0.6503080725669861,3.0,1e-05,3.6547958850860596,0.10049302875995636,0.04626019671559334,0.06021951138973236,0.6503080725669861,0.049433592706918716,0.05990097299218178,0.051610253751277924,0.13887283205986023
107,0.03945689259663872,0.026198334182086197,1.2560352087020874,7.603396554021974e-05,0.697445809841156,0.017952244652642144,,,1e-05,3.460202932357788,,,,,,,,
108,0.03915324515622595,0.02589761012274286,1.2557489250017249,7.569656799719466e-05,0.6973888511243074,0.01686003409491645,0.6484677791595459,3.0,1e-05,3.616915464401245,0.10570080578327179,0.04514510557055473,0.05958499386906624,0.6484677791595459,0.052670713514089584,0.06470027565956116,0.05537432059645653,0.13750828802585602
109,0.039028037501418075,0.02577594424719396,1.2554239863934724,7.600748358527198e-05,0.6970936085866846,0.016697546005249024,,,1e-05,3.4301021099090576,,,,,,,,
110,0.03908777641861335,0.02583899300383485,1.255105505818906,7.886284837023477e-05,0.6969399789105291,0.01706873745388455,0.6451970934867859,3.0,1e-05,3.621570587158203,0.09861264377832413,0.04343216121196747,0.05980672687292099,0.6451970934867859,0.04977117106318474,0.05939579755067825,0.0487501323223114,0.13463027775287628
111,0.039080537693656006,0.025835527026134987,1.2548006980315498,7.604436225095844e-05,0.6962436852247819,0.01719678921169705,,,1e-05,3.402794599533081,,,,,,,,
112,0.03914013812723367,0.02589707692032275,1.2545814669650535,7.897242271017446e-05,0.6964564427085544,0.017877122455173068,0.6421791911125183,3.0,1e-05,3.5379230976104736,0.10488332062959671,0.04393645375967026,0.059334609657526016,0.6421791911125183,0.045547083020210266,0.06398781388998032,0.04930957779288292,0.13535620272159576
113,0.039160847663879395,0.025919550705863083,1.2543967288473379,7.746783123128925e-05,0.6965551635493403,0.017394076029459634,,,1e-05,3.416128158569336,,,,,,,,
114,0.039074144933534706,0.025837766411511795,1.253966025684191,7.731978985248134e-05,0.695945143699646,0.016933575948079427,0.6508924961090088,3.0,1e-05,3.608128786087036,0.10643410682678223,0.04372121021151543,0.059259820729494095,0.6508924961090088,0.04620497673749924,0.0625392496585846,0.052290357649326324,0.13162542879581451
115,0.03913303529438765,0.025898260833776516,1.253761685412863,7.795887264048518e-05,0.6963776661002118,0.017109205881754557,,,1e-05,3.4088613986968994,,,,,,,,
116,0.039148120128590126,0.025915606757221016,1.253534918246062,7.602810016934477e-05,0.6964043197424515,0.016640755123562282,0.6487237811088562,3.0,1e-05,3.5208029747009277,0.10223314166069031,0.043717626482248306,0.05689140036702156,0.6487237811088562,0.04922167956829071,0.056512512266635895,0.049982670694589615,0.135542094707489
117,0.03942130846173867,0.026192104767846024,1.2532207395719446,7.806858522361954e-05,0.6962162800457167,0.01654303084479438,,,1e-05,3.4263241291046143,,,,,,,,
118,0.039134786828704506,0.025909440267993057,1.2528662992560344,7.531007798641677e-05,0.6959297890248506,0.018023784425523545,0.6462816596031189,3.0,1e-05,3.5973641872406006,0.09996143728494644,0.0463394932448864,0.05797092616558075,0.6462816596031189,0.04534994810819626,0.056849393993616104,0.050917427986860275,0.14137084782123566
119,0.03887722706017287,0.025653709455028824,1.252706512160923,7.616307582635352e-05,0.695691660694454,0.016691180335150824,,,1e-05,3.361090898513794,,,,,,,,
120,0.03899443603080252,0.02577564849153809,1.2522850243941597,7.756310420201929e-05,0.6951615862224413,0.01676470481024848,0.647820770740509,3.0,1e-05,3.5318915843963623,0.1007532998919487,0.04336870089173317,0.05990530550479889,0.647820770740509,0.04689979553222656,0.06088794767856598,0.04852956160902977,0.136713445186615
121,0.03888700238388518,0.02567032497862111,1.2520474972932234,7.49097282254218e-05,0.6954539133154828,0.016512530856662325,,,1e-05,3.3629088401794434,,,,,,,,
122,0.039254633790772896,0.026041861947463905,1.2517280319462651,7.776747952448204e-05,0.6947144917819811,0.017703400505913628,0.6449483633041382,3.0,1e-05,3.5794296264648438,0.10284321010112762,0.04568134620785713,0.06195895001292229,0.6449483633041382,0.04677993059158325,0.06397733092308044,0.05051778256893158,0.1345933973789215
123,0.038909374047880585,0.025698617586623066,1.2514761530834695,7.731888383758538e-05,0.69522239850915,0.017212725745307075,,,1e-05,3.371906042098999,,,,,,,,
124,0.038945637319398964,0.025737202199904816,1.2513358955797942,7.774537484890416e-05,0.6942983917568041,0.01694864951239692,0.6466129422187805,3.0,1e-05,3.554351806640625,0.10278210043907166,0.04318410903215408,0.05826771259307861,0.6466129422187805,0.05018944665789604,0.0555703341960907,0.05272451788187027,0.13853658735752106
125,0.03885747719070186,0.02565168718928876,1.2509900642477947,7.608891388846804e-05,0.6951285056445909,0.017291763093736437,,,1e-05,3.485511064529419,,,,,,,,
126,0.03913564153987428,0.025934903679982475,1.2505134966062463,7.606485988894154e-05,0.6948423981666565,0.017302296108669703,0.6471699476242065,3.0,1e-05,3.5906777381896973,0.10353437066078186,0.04352089762687683,0.05958250164985657,0.6471699476242065,0.04215744137763977,0.0649239718914032,0.04949050769209862,0.13554994761943817
127,0.03888105860222941,0.02568219569714173,1.2503159408983977,7.89358059789621e-05,0.6949144420416459,0.016873664644029406,,,1e-05,3.450836658477783,,,,,,,,
128,0.03899884045771931,0.02580416712747968,1.249959137128747,7.468937964522806e-05,0.6943350175152654,0.01694238747490777,0.6482664346694946,3.0,1e-05,3.505138635635376,0.10205116122961044,0.042931050062179565,0.058101095259189606,0.6482664346694946,0.04585258662700653,0.05619848519563675,0.05034841597080231,0.13620243966579437
129,0.038731614694647164,0.025540782705597256,1.249587541041167,7.648028163796128e-05,0.6941920492960059,0.016562424341837564,,,1e-05,3.3489606380462646,,,,,,,,
130,0.03906146793261818,0.02587395339556362,1.249282728070798,7.657437938336363e-05,0.6939214571662571,0.017702252282036677,0.6470656394958496,3.0,1e-05,3.572620391845703,0.10389216244220734,0.04048074781894684,0.05885588005185127,0.6470656394958496,0.04642445594072342,0.058052364736795425,0.05372823029756546,0.1384158879518509
131,0.03901452538759812,0.025829590128167816,1.2490383127461309,7.96870492353185e-05,0.6937554660050765,0.017002613067626952,,,1e-05,3.4763951301574707,,,,,,,,
132,0.03919365564766138,0.02601116652721944,1.2487886781277864,8.041496134272008e-05,0.6937983269276826,0.016618734359741212,0.6507887244224548,3.0,1e-05,3.6491594314575195,0.10911311954259872,0.04407507926225662,0.06005425751209259,0.6507887244224548,0.04819360747933388,0.06453990191221237,0.05102020502090454,0.1358015388250351
133,0.03898389086775158,0.025804561198405598,1.248536052911178,8.07937998932017e-05,0.6931612102881722,0.016592711978488498,,,1e-05,3.480346918106079,,,,,,,,
134,0.0388847216963768,0.025708675789444344,1.2481773366098818,7.256517520822261e-05,0.6935471244480299,0.01700256813897027,0.6511528491973877,3.0,1e-05,3.7336878776550293,0.10034658759832382,0.04455091431736946,0.06045703589916229,0.6511528491973877,0.044373031705617905,0.05793674662709236,0.054411374032497406,0.14316989481449127
135,0.03888698634893998,0.025715251169774845,1.2478123333143152,7.530634004227898e-05,0.6928582735683607,0.016902784135606554,,,1e-05,3.4485018253326416,,,,,,,,
136,0.03901097631972769,0.02584205017141674,1.2475772888764092,7.625048886478433e-05,0.6923906984536544,0.01729964213901096,0.6487603783607483,3.0,1e-05,3.6709494590759277,0.10247121006250381,0.04398958384990692,0.059732869267463684,0.6487603783607483,0.047548796981573105,0.0564856231212616,0.054123375564813614,0.13773825764656067
137,0.038866827021474426,0.02570060527195101,1.2472483386164126,7.409974236709431e-05,0.6929977613946666,0.017281163533528647,,,1e-05,3.447345495223999,,,,,,,,
138,0.03878767140533613,0.02562393474838008,1.246994832287664,8.98731750962527e-05,0.6928899158602175,0.017315244886610244,0.6465139389038086,3.0,1e-05,3.592885971069336,0.10929606854915619,0.046769287437200546,0.05949504300951958,0.6465139389038086,0.04245918616652489,0.06785327196121216,0.05269243195652962,0.1376061737537384
139,0.038900862893332604,0.025740203164193943,1.24669072939002,8.377435005968437e-05,0.6929148824318595,0.017157808515760632,,,1e-05,3.4689764976501465,,,,,,,,
140,0.03882729731824087,0.025669881588091022,1.246411012566608,7.708329528964975e-05,0.692535206027653,0.018271699905395507,0.6408787369728088,3.0,1e-05,3.58107852935791,0.10395023226737976,0.04444840922951698,0.05800636112689972,0.6408787369728088,0.04293910786509514,0.056251510977745056,0.05239887163043022,0.14065612852573395
141,0.038809219618206436,0.025655956695909084,1.2460203481757122,7.682613226200414e-05,0.6922923559727876,0.017111564424302842,,,1e-05,3.4964468479156494,,,,,,,,
142,0.03879048383754233,0.025640230220944984,1.2457394548084424,7.90239377554668e-05,0.6920689163000687,0.01664796913994683,0.6501911878585815,3.0,1e-05,3.6197381019592285,0.10061491280794144,0.042452841997146606,0.05783097818493843,0.6501911878585815,0.04406939446926117,0.05680631101131439,0.052538249641656876,0.13439056277275085
143,0.03923748887103537,0.026090832346159477,1.2454047099403713,7.495594289376523e-05,0.6918599916541058,0.018058311038547093,,,1e-05,3.4970409870147705,,,,,,,,
144,0.03887613328254741,0.025733312672894935,1.245040494462718,7.474879384972155e-05,0.6916683938192285,0.016725933074951172,0.649946928024292,3.0,1e-05,3.6337811946868896,0.10554960370063782,0.04619719460606575,0.05801263824105263,0.649946928024292,0.046612922102212906,0.057482920587062836,0.05171665549278259,0.1404111385345459
145,0.03918325755259265,0.02604126954532188,1.244923042214435,8.393025073809954e-05,0.6919188240300054,0.020170086330837673,,,1e-05,3.373082160949707,,,,,,,,
146,0.039021059546781624,0.02588357776403427,1.2444960449052893,7.608704175293931e-05,0.6917620042096013,0.016553888956705728,0.6484524011611938,3.0,1e-05,3.5229134559631348,0.10955792665481567,0.04471023753285408,0.05910888686776161,0.6484524011611938,0.04357856139540672,0.0636826902627945,0.052139762789011,0.14007067680358887
147,0.03876350026415742,0.025629658980861954,1.2441782899524854,7.359167711515708e-05,0.691322808680327,0.016898293813069662,,,1e-05,3.4115235805511475,,,,,,,,
148,0.03877902063338653,0.025646337834389313,1.24402640176856,7.46036986010554e-05,0.6916728252949922,0.017193872027926976,0.6502702832221985,3.0,1e-05,3.48814058303833,0.10287530720233917,0.04523451626300812,0.05968906730413437,0.6502702832221985,0.044012650847435,0.06490182131528854,0.04983529821038246,0.13705216348171234
149,0.03887116504104241,0.025743695866802464,1.2435819791710896,7.278197122302473e-05,0.6909220400063888,0.016731574800279404,,,1e-05,3.476353645324707,,,,,,,,
150,0.03901715090741282,0.025893775989180027,1.2431920870490696,7.429353370199628e-05,0.6907115138095358,0.017633157518174913,0.6491658091545105,3.0,1.0000000000000002e-06,3.5791523456573486,0.10120547562837601,0.044431474059820175,0.06016461178660393,0.6491658091545105,0.04418620467185974,0.05777118727564812,0.05121235549449921,0.14446759223937988
151,0.03894486035341802,0.025823347108519596,1.2429750172988228,7.613019102870527e-05,0.691002140874448,0.01707013087802463,,,1.0000000000000002e-06,3.427316665649414,,,,,,,,
