epoch,train_total,train_recon,train_sup,train_sup_wave,train_sup_diff,train_sup_diff2,train_sup_freq,train_sup_e1,train_sup_e2,train_sup_e3,train_sup_e4,val_recon,val_sup,val_sup_e1,val_sup_e2,val_sup_e3,val_sup_e4,S,argmax_k,lr,sec,rho_e0,rho_e1,rho_e2,rho_e3
1,0.6667536652606466,0.23409725984801416,0.43265641383502795,0.13271811086198557,0.005998765892835091,0.010271614470579863,0.10930458164733389,0.6240182622619297,0.32490132587111514,0.4527419352013132,0.32896411645671597,0.037282316984953705,0.07561379194259643,0.18875,0.02471558173497518,0.05902526378631592,0.029964322249094646,0.08384265005588531,2.0,0.001,7.823085308074951,0.059015121310949326,0.053884975612163544,0.08384265005588531,0.051486216485500336
2,0.17733868438264597,0.03921220658104057,0.13812647597945255,0.0695473014012627,0.001371583481238264,0.0008609797628393964,0.05786194830485012,0.23572119228217914,0.05716254011444424,0.18805003360561703,0.07157213111286578,0.010863321940104167,0.06025371551513672,0.12141634941101075,0.03127877712249756,0.060955289204915365,0.02736444632212321,0.06765618920326233,2.0,0.001,7.346359491348267,0.045704517513513565,0.06644082069396973,0.06765618920326233,0.048361651599407196
3,0.1330140916549641,0.01486078167901091,0.11815330936856892,0.06109196271585381,0.0011412269162500033,0.000836518628563246,0.04820050169592318,0.174553830338561,0.05830162277688151,0.1736637787974399,0.06609400264594865,0.006237899893301505,0.05055444955825806,0.09663562774658203,0.02644105354944865,0.053454294204711914,0.025686822732289633,,,0.001,7.304046630859375,,,,
4,0.11458131120256755,0.010235583065482586,0.1043457281978234,0.05614106114143911,0.0009640933358636887,0.0007848827239206952,0.04145784740862639,0.15045559665431146,0.052542143541833626,0.15058787685373556,0.06379729703716609,0.007386309136284722,0.04800472537676494,0.08766615867614747,0.02613418658574422,0.05368556261062622,0.02453299363454183,0.06652072072029114,1.0,0.001,7.359304904937744,0.05574609711766243,0.06652072072029114,0.0534939207136631,0.0651453360915184
5,0.10105339372935503,0.008846536258478527,0.09220685777456863,0.052845153633667076,0.0007872340603448126,0.0007285551780470363,0.03754719006626502,0.13738371820553488,0.05025024955039439,0.11990438952394154,0.06128907317052717,0.007317548737702547,0.04241302073001861,0.07119067033131918,0.026196002960205078,0.04964876015981039,0.022616649468739827,,,0.001,7.3145763874053955,,,,
6,0.09259901843641115,0.007497579163021367,0.08510143957708192,0.05019675956472107,0.000698093598222603,0.0006807408973817592,0.03502011679760788,0.12616897050453268,0.050066641167454094,0.1041951856535414,0.059974961306737816,0.002602077229817708,0.03651813745498657,0.05744298060735067,0.027292307217915854,0.03986729462941488,0.021469967365264894,0.07755064964294434,3.0,0.001,7.36871337890625,0.0538037084043026,0.04829016700387001,0.045391228049993515,0.07755064964294434
7,0.08335466844880063,0.005596711907697761,0.07775795589322629,0.045566321715064674,0.0006438327254727483,0.0006479734058856317,0.030301034369546433,0.11165140698785367,0.04596649644815404,0.09465428603732068,0.05875964203606481,0.005949790219907407,0.032316131889820104,0.050801331202189125,0.019592940012613934,0.03873483816782634,0.020135418176651,,,0.001,7.313445091247559,,,,
8,0.07630603468936423,0.004709780388309256,0.07159625431117804,0.041911327158627304,0.0005936985379894791,0.0006163518207714609,0.02715448792213979,0.09944087882404742,0.044232037890216576,0.08646426511847455,0.056247833144405616,0.0014728827017324942,0.029900597929954528,0.04650355100631714,0.02004717985788981,0.03378866672515869,0.019262994130452474,0.0815013200044632,3.0,0.001,7.371849298477173,0.06380745023488998,0.05108233541250229,0.044883936643600464,0.0815013200044632
9,0.07735534595406574,0.006099768408128749,0.07125557699929112,0.04270991132311199,0.0005709133060325099,0.00059981692744338,0.029472797299208847,0.098900833207628,0.04714082149059876,0.08403609271930612,0.054944558636001915,0.007262306722005209,0.033099600176016486,0.04754357735315959,0.028591543833414713,0.03351821978886922,0.022745059728622438,,,0.001,7.333850145339966,,,,
10,0.0743203104838081,0.006066104574331447,0.06825420600564583,0.040430785845155304,0.0005564684169771879,0.0005925700078596888,0.026762883705289467,0.09324458889339281,0.04453505640444548,0.08140236949143202,0.0538348110149736,0.004998777770996094,0.029186294476191203,0.049359402656555175,0.018812073866526287,0.030407535235087078,0.018166166146596274,0.06401794403791428,0.0,0.001,7.364474296569824,0.06401794403791428,0.052860137075185776,0.043253324925899506,0.057072289288043976
11,0.07225349610266478,0.006131482452316129,0.06612201310370279,0.03884828949104185,0.0005454745247413445,0.0005854005905111198,0.025325905207706535,0.09062646135039952,0.042779110534035644,0.07898955144312071,0.05209293605192848,0.0013958905820493344,0.026749434073766072,0.041637248198191326,0.019210801124572754,0.028338810602823894,0.017810876369476317,,,0.001,7.313309907913208,,,,
12,0.06756404576742131,0.003911158095275902,0.0636528876164685,0.03715495910981427,0.0005299585628444734,0.0005768069860768383,0.023638569223492042,0.08635493108759755,0.04216531340194785,0.07615758154703223,0.04993372378141984,0.008430550808376736,0.03110636204481125,0.04332026084264119,0.024156511624654133,0.033677048683166504,0.023271627028783163,0.06764567643404007,0.0,0.001,7.354761838912964,0.06764567643404007,0.058537982404232025,0.04545021057128906,0.03847656399011612
13,0.0761980365799821,0.00945374274464405,0.06674429482739905,0.040665127175009766,0.0005215833725346981,0.0005723887765982553,0.028759154612603394,0.09202265739440918,0.043902727086906845,0.07908914076245349,0.051962657305209534,0.002001457157841435,0.026398304601510367,0.041110737323760985,0.020522060394287108,0.027081181208292643,0.016879239479700724,,,0.001,7.317224979400635,,,,
14,0.06461675724257594,0.0034222210322142296,0.06119453664059225,0.03551730683640293,0.0005135445693588775,0.000567221639515913,0.02231777621352154,0.08265401520158934,0.04092712036293486,0.07318535090788551,0.04801165879420612,0.01017822853370949,0.027752344806989033,0.04378764549891154,0.02226218859354655,0.027111005783081055,0.01784853935241699,0.07293523848056793,0.0,0.001,7.36681866645813,0.07293523848056793,0.054539166390895844,0.04273093864321709,0.03524884954094887
15,0.06582542103917702,0.004390245961511265,0.061435174682865974,0.036438127169790474,0.0004999409746074969,0.0005585544454136297,0.023491177950864254,0.08131676070068193,0.04287623225346855,0.07318418440611466,0.048363522990890175,0.004713017781575521,0.027663272817929584,0.04125670274098714,0.021617722511291505,0.028872465292612712,0.018906200726826985,,,0.001,7.3131818771362305,,,,
16,0.06730586436131726,0.006198240084695103,0.061107623998237694,0.0362008108716944,0.0004981362460808748,0.0005548329715131093,0.024243534016220467,0.08256144173767256,0.04168274286000625,0.07259132680685623,0.04759498215887858,0.0098035723650897,0.031471081376075745,0.04147407054901123,0.027728493213653563,0.034248507022857665,0.022433254718780517,0.06334326416254044,0.0,0.001,7.399871587753296,0.06334326416254044,0.05810173973441124,0.04524711146950722,0.043538764119148254
17,0.06675177731591722,0.005359463029257629,0.061392314084198166,0.03671009668513485,0.0004936443583574146,0.0005499809074377561,0.024328333447160927,0.0809155712309091,0.04349006922996562,0.0732776498341042,0.04788596604181373,0.003595207722981771,0.024528709252675376,0.03565333366394043,0.018508506615956623,0.026352888743082684,0.017600107987721762,,,0.001,7.318109750747681,,,,
18,0.06344283598920573,0.004501042922999224,0.05894179350656012,0.034892230173167976,0.00048099126940107215,0.0005450128430865058,0.02210223917727885,0.07797384359266447,0.04064399765237518,0.07084882842457813,0.04630050419465355,0.006372916355839482,0.02570080727338791,0.040993282794952395,0.01879187305768331,0.02666906992594401,0.016349003314971924,0.06192750483751297,0.0,0.001,7.418865919113159,0.06192750483751297,0.06064210832118988,0.045824237167835236,0.03850866109132767
19,0.061171505600214005,0.003466009805181428,0.05770549534455589,0.033801230480489525,0.0004780852974837889,0.0005435736751204114,0.02115229039412478,0.075604482513407,0.039919592440128326,0.06982035384229991,0.04547755144860433,0.0032641721937391494,0.02367665688196818,0.03550261338551839,0.017338091532389324,0.026201915740966798,0.01566400686899821,,,0.001,7.407092809677124,,,,
20,0.058857567122449043,0.002403437129586287,0.05645413016495497,0.03312902039159899,0.0004665021880772775,0.0005368563503472377,0.0204325037320023,0.07277439567057983,0.039846279536900314,0.06827891002530637,0.04491693396931109,0.001108137031837746,0.022755030592282614,0.03292005777359009,0.017312304973602297,0.02563696543375651,0.01515079418818156,0.06073163449764252,1.0,0.001,7.512171506881714,0.05806627497076988,0.06073163449764252,0.04591391608119011,0.03491898626089096
21,0.06379689567762872,0.005918269065897102,0.057878626267547195,0.03494692707191343,0.0004586339814325228,0.0005280541081447154,0.023305623508665874,0.07576616561931113,0.04126555164871008,0.0691705380121003,0.045312250114005546,0.002452268303765191,0.022841386099656424,0.03344299077987671,0.017892841498057047,0.024555630683898926,0.015474081436793009,,,0.001,7.465620279312134,,,,
22,0.06243900727966557,0.005278390533614742,0.057160616892835366,0.03406876997779245,0.0004618369301011705,0.0005269438299127733,0.02232909939535286,0.07468880551016849,0.04067773420525634,0.0687793418765068,0.04449658403578012,0.008612035906756365,0.02594931165377299,0.03637879769007365,0.020881996949513752,0.028418441613515217,0.018118010361989338,0.06053658202290535,1.0,0.001,7.529517412185669,0.05943305417895317,0.06053658202290535,0.04326314106583595,0.03822692111134529
23,0.06428415895156238,0.0060066308765469685,0.05827752824710763,0.03525692775197651,0.00046041200909277666,0.0005249382482598658,0.023180504855902298,0.076763651293257,0.04250708092813906,0.06880628171822299,0.04503309694321259,0.0019352560537832754,0.022875173489252727,0.0327924124399821,0.019066685040791828,0.02472250779469808,0.0149190886815389,,,0.001,7.468988656997681,,,,
24,0.05876856621192849,0.0037508519700444913,0.05501771426719168,0.03262425124969171,0.00044786925402307963,0.0005160778237041086,0.02054593048017958,0.0712208268435105,0.03944053233641645,0.06625614315271378,0.043153351415758545,0.0014670909457736546,0.02255706985791524,0.03386578559875488,0.01742739280064901,0.023778112729390462,0.015156988302866619,0.059886250644922256,1.0,0.001,7.396579742431641,0.054723069071769714,0.059886250644922256,0.04721660912036896,0.03519703447818756
25,0.061943668386210564,0.00589849127193346,0.056045177028230996,0.03368863455303337,0.00044713085314825827,0.0005132836231496185,0.022068283885069515,0.07252688867890317,0.0402920788720898,0.06704110198694727,0.04432063970876777,0.0015332918520326968,0.02466474264860153,0.030803300539652505,0.024637913703918456,0.02600598653157552,0.017211769819259645,,,0.001,7.452322244644165,,,,
26,0.055441130438576576,0.0020831324079114456,0.0533579978282037,0.03155576818339203,0.0004360445828237773,0.0005080214683877547,0.019434965823007667,0.06781106426016144,0.039423507030891335,0.06384740057198898,0.04235001750614332,0.0011567598696108218,0.021663761039574944,0.03134067535400391,0.01702569087346395,0.024048410654067993,0.014240267276763917,0.05973582714796066,1.0,0.001,7.393115520477295,0.05852227285504341,0.05973582714796066,0.04233779385685921,0.036337509751319885
27,0.05802588294381681,0.004209100461119543,0.05381678271552791,0.0324105117470026,0.00042812542043342864,0.0004997105532548512,0.02088666658686555,0.06914224831954292,0.03945991364510163,0.06452481497241103,0.042140152467333755,0.00375377039026331,0.02278471867243449,0.035126930872599285,0.017337063550949095,0.024109995762507122,0.014564884503682455,,,0.001,7.368059396743774,,,,
28,0.0593289473782415,0.005687664779227065,0.05364128283184508,0.03246729472733062,0.0004234797392121476,0.0004948201138809648,0.021399302894006603,0.07042942698235097,0.038999076284792114,0.0635343266893988,0.04160229894130126,0.00367283619068287,0.022572681109110516,0.03356038331985474,0.017315351168314615,0.024694499969482423,0.014720489978790283,0.05902992561459541,1.0,0.001,7.412982940673828,0.0584799163043499,0.05902992561459541,0.04594072327017784,0.0332598052918911
29,0.05679241778409999,0.004051740261037712,0.05274067705740099,0.0316080819491459,0.0004226519085932523,0.000491185096072276,0.019994436074858127,0.06716602992104448,0.03893354275952215,0.06357606872916222,0.04128706746775171,0.002383026236074942,0.021766148706277213,0.03094269911448161,0.017888245582580568,0.023898799419403077,0.014334850708643595,,,0.001,7.362554311752319,,,,
30,0.05373643986556841,0.0023780685176303528,0.05135837148713029,0.03052601088648257,0.0004166472278049459,0.00048502551330982345,0.018958115707273068,0.06508604356128236,0.038281835939573204,0.06157293413644251,0.04049267441682194,0.002186654634828921,0.02141365865866343,0.030338598887125652,0.01810533126195272,0.023103711605072023,0.014106992880503337,0.05837208777666092,0.0,0.001,7.398432970046997,0.05837208777666092,0.05655166506767273,0.044383008033037186,0.035427119582891464
31,0.05428970734710279,0.0026724364522480123,0.05161727122638537,0.03088963177541028,0.00041455279848457354,0.00048108433459318525,0.019557357158349907,0.06502440847132517,0.03910414518221565,0.06160624276684678,0.04073428799924643,0.001536758874963831,0.020906125803788502,0.029583972295125327,0.017862714926401773,0.022375365098317463,0.013802450895309449,,,0.001,7.396092891693115,,,,
32,0.05516439724875533,0.0035094387991272884,0.05165495869258176,0.03106326051056385,0.00041183394142021626,0.0004738674413048379,0.019375678921199364,0.06536160992539447,0.03830593727205111,0.062053507598845856,0.04089877689662187,0.0026569009286385994,0.022115124861399334,0.030799620151519776,0.01861519734064738,0.023543917338053385,0.01550176461537679,0.060942426323890686,0.0,0.001,7.698129653930664,0.060942426323890686,0.05716106295585632,0.042927224189043045,0.041608937084674835
33,0.0549790493172148,0.0035985718005458298,0.05138047735976136,0.031078111461323242,0.0004060473229796828,0.0004667988206442122,0.019352617795052734,0.06625628730525142,0.03840108442565669,0.06083177499797033,0.04003276222425958,0.0030499296400282117,0.02138493537902832,0.031181675593058268,0.016866114139556885,0.023281859556833904,0.014210092226664224,,,0.001,7.5894904136657715,,,,
34,0.05513192049187163,0.004595315119292101,0.05053660565096399,0.03062448691090812,0.00039824237667388565,0.00046020341055143786,0.019489051936113316,0.0644588898057523,0.03812897075777468,0.05955018119319626,0.040008380361225296,0.00390614997016059,0.021642670631408692,0.03174143314361572,0.01678230921427409,0.02422602693239848,0.013820913235346476,0.0629349946975708,0.0,0.001,7.4903178215026855,0.0629349946975708,0.058209288865327835,0.04636727273464203,0.03932184725999832
35,0.05251291782959648,0.0023966556485823316,0.05011626219619875,0.030229407079193905,0.00039773710760409415,0.00045536189977808493,0.018668178428450356,0.0628585533603378,0.038017363004062485,0.05909260038448417,0.040496531550003136,0.0018424861201533564,0.021337431669235227,0.027949507236480712,0.019587677319844565,0.023020322322845458,0.014792219797770182,,,0.001,7.422083377838135,,,,
36,0.05674890234418537,0.00548494017035093,0.051263962102972946,0.03125766170737536,0.0004001259942964205,0.00045461181181725925,0.02003952512598556,0.0653314248699209,0.03868170406507409,0.06109320404736892,0.03994951559149701,0.004303241418909144,0.02210535168647766,0.03173859198888143,0.018149308363596597,0.024744685490926108,0.01378882090250651,0.06579913198947906,0.0,0.001,7.3869476318359375,0.06579913198947906,0.059394557029008865,0.04599227383732796,0.035437505692243576
37,0.05240746295970419,0.0029502483590951433,0.04945721461073212,0.029773360199254494,0.0003936770852938618,0.0004506424998196409,0.01866805869276109,0.06183514112363691,0.03770387205092803,0.05900904228505881,0.03928080314527387,0.0006459526909722222,0.020590890645980835,0.029231332143147788,0.017355164686838787,0.0217604132493337,0.014016652504603069,,,0.001,7.434393405914307,,,,
38,0.05159582586392113,0.002645504288881531,0.048950321810401,0.029626902111846466,0.0003864684132049265,0.0004442877037470917,0.018166268203893433,0.061445336788892746,0.03739349349685337,0.05796347299347753,0.03899898720176324,0.001021143086751302,0.020299445589383444,0.029047900835673015,0.016620986859003702,0.022192605336507163,0.013336289326349894,0.05884668603539467,0.0,0.001,7.3809826374053955,0.05884668603539467,0.056131478399038315,0.04516328498721123,0.0381382517516613
39,0.050185815633639046,0.0021578373346963654,0.04802797815721968,0.02905157532380975,0.0003795280759020344,0.00043632943213552886,0.017925138058869736,0.06020158545478531,0.036909887162239655,0.056602995194818664,0.03839744838035625,0.0048382737901475695,0.022285376687844596,0.03234486142794291,0.018588016033172606,0.023387481371561686,0.014821147918701172,,,0.001,7.329342365264893,,,,
40,0.0534938789256241,0.00433203828541319,0.04916184039219566,0.030135305922316467,0.00038053068641127777,0.00043418255391652167,0.019133742574764336,0.06189391097944716,0.03752075500138428,0.058283845853546394,0.038948849491451096,0.004107419388382523,0.021702180008093513,0.03251970609029134,0.01746945858001709,0.022939894199371338,0.013879661162694295,0.05708605796098709,0.0,0.001,7.397779703140259,0.05708605796098709,0.05585866421461105,0.04702054336667061,0.038549087941646576
41,0.04900700485576754,0.0017796750028577187,0.047227330181909645,0.02844887170130792,0.0003755691463795855,0.0004301986684921481,0.01755044686243586,0.05794026816020841,0.036688904399457184,0.05627251610807751,0.03800762963035832,0.0013222304450141058,0.020191967487335205,0.027108447154362995,0.01754016359647115,0.022648658752441406,0.013470600446065267,,,0.001,7.329324722290039,,,,
42,0.05141001551047615,0.003743021166883409,0.04766699461185414,0.029060331375702568,0.00037213325444811386,0.0004250326348245954,0.018349851765062496,0.0593564226899458,0.03705369810695234,0.05574408983406813,0.03851376571085142,0.0010857584635416667,0.019491098920504255,0.02700482209523519,0.016350262959798176,0.021331531206766764,0.013277779420216879,0.05971673130989075,0.0,0.001,7.383342027664185,0.05971673130989075,0.05767573416233063,0.05174673721194267,0.03795016556978226
43,0.04916714844496354,0.0023630694612739203,0.04680407889511274,0.028226301478950874,0.00037155553961739594,0.0004238405280098643,0.017546854224865852,0.0577724389731884,0.036279185148684875,0.05522793563811675,0.03793675420076951,0.0013357192710593895,0.02063784748315811,0.028294033606847128,0.018249751726786296,0.021637024879455565,0.014370579719543457,,,0.001,7.370625972747803,,,,
44,0.05071898663173551,0.0032728424462813723,0.04744614401589269,0.028935153685186222,0.0003702198231147359,0.000422167776496676,0.018544592287229454,0.05912976355656334,0.03704299575284771,0.055401496103276375,0.0382103242142045,0.0033206693296079282,0.020822913249333698,0.03172510067621867,0.01665796160697937,0.02145677924156189,0.01345181147257487,0.06235091760754585,0.0,0.001,7.403362035751343,0.06235091760754585,0.05503189191222191,0.05096355453133583,0.03910047933459282
45,0.05149126214825589,0.003651558345629145,0.04783970392916514,0.029138324458314026,0.00037402759113794434,0.00042123343851214844,0.018210313120937866,0.059833374036395034,0.03664856452656829,0.05658941975106364,0.03828745675475701,0.002475901624891493,0.020598586102326708,0.03066318909327189,0.016273194948832195,0.022216689586639405,0.013241270780563355,,,0.001,7.3395819664001465,,,,
46,0.04869562808586204,0.0021867302990437524,0.04650889758182609,0.028036519156202026,0.0003694475757504773,0.0004180049645188062,0.017349809813110725,0.05728326154791791,0.036084005285216415,0.05504655643649723,0.03762176973016366,0.002426426188151042,0.019584529896577198,0.027171510060628255,0.01638466199239095,0.02170464038848877,0.013077307144800822,0.05844144523143768,1.0,0.001,7.407403469085693,0.05709807574748993,0.05844144523143768,0.04767188802361488,0.03652521222829819
47,0.04901420762357504,0.002677994549942567,0.046336213207763176,0.027946029830238094,0.00036780368258326274,0.00041470571380594504,0.017586613073945045,0.05643427274797274,0.036548520154927086,0.054694868786179504,0.03766719300461852,0.0008167930320457175,0.020043515662352244,0.028153612613677978,0.016324998140335084,0.0215424648920695,0.014152987003326416,,,0.001,7.333398103713989,,,,
48,0.0472373735645543,0.0016412517997314749,0.0455961219318535,0.0274325770366451,0.00036327090144724303,0.0004095175042849682,0.016988618258872757,0.05548245395007341,0.035744883929905685,0.05359630092330601,0.037560848438221474,0.001016294041386357,0.019898866911729176,0.026454718907674153,0.01730726957321167,0.022514894406000772,0.013318584760030111,0.058787692338228226,0.0,0.001,7.419221878051758,0.058787692338228226,0.05616343021392822,0.047666508704423904,0.029569748789072037
49,0.046900501555722694,0.0018903382259178097,0.04501016340825869,0.027183450920426327,0.00035653423401527107,0.00040227078716270626,0.016835153143367042,0.054686166184104004,0.03562997281551361,0.05281917086761931,0.03690534230807553,0.001028519891809534,0.019244993130366008,0.026305753389994302,0.016477343241373697,0.02133647322654724,0.012860402663548787,,,0.001,7.341479301452637,,,,
50,0.04739753124506577,0.0023314025754149516,0.04506612860638162,0.027235513876961624,0.0003566122765693328,0.00039881114270943016,0.017086879876644714,0.05493920879519504,0.03567170092593069,0.05268201604485512,0.03697158768773079,0.0007192242516411675,0.019202970763047535,0.026001781225204468,0.016420183579126994,0.02128480633099874,0.013105111916859945,0.05736560747027397,0.0,0.0001,7.4128923416137695,0.05736560747027397,0.056425970047712326,0.049519624561071396,0.041087884455919266
51,0.04638014409853065,0.00198735972441247,0.04439278400462607,0.026739628256663033,0.00035306311632587534,0.00039469643936330533,0.017037091938697773,0.05435742858959281,0.03503222463895445,0.05183327457179194,0.03634821008081022,0.0015231301766854746,0.019123046298821764,0.025804654757181803,0.016329543590545656,0.02146115819613139,0.012896828651428223,,,0.0001,7.351272821426392,,,,
52,0.04460544430691263,0.0011197298172982814,0.04348571436560672,0.02596347252635852,0.00035044484209957653,0.000392078702925178,0.01596065047804428,0.05275955537091131,0.034516217187047005,0.05085744643988817,0.03580964040821013,0.0007012181741219979,0.018790896236896518,0.025038360754648846,0.016264766454696655,0.020903950532277425,0.012956507205963134,0.058249033987522125,1.0,0.0001,7.453969240188599,0.053271375596523285,0.058249033987522125,0.05053871124982834,0.034447766840457916
53,0.04476897094560706,0.0011791424160195595,0.04358982845492985,0.025999747702608936,0.0003518016057331925,0.00039331200557922864,0.01614874844317851,0.052887534317762955,0.03451667134852513,0.05116556811591853,0.03578954011849735,0.0010224977563928674,0.019200203518072764,0.02609130660692851,0.01624876578648885,0.021592345237731934,0.012868396441141764,,,0.0001,7.466216087341309,,,,
54,0.04460206660239593,0.0012745724044456754,0.04332749432195788,0.02584036860776984,0.00034974252870913756,0.0003913261398733796,0.01590428639041341,0.05260904424864313,0.0344006750408722,0.050655426376539726,0.03564483332245246,0.001624118098506221,0.01919787108898163,0.02630397876103719,0.016387402216593426,0.021091545422871907,0.01300855795542399,0.05882580950856209,1.0,0.0001,7.42577052116394,0.05717912316322327,0.05882580950856209,0.05355844274163246,0.039218273013830185
55,0.045221546907787735,0.0016991651715690514,0.04352238158816877,0.0260027090654425,0.0003503934510619096,0.00039034687316693044,0.016212707749851372,0.05295796530402225,0.03444648898490097,0.050933776990227074,0.03575129499254019,0.0012552454630533855,0.01912269492944082,0.025808011293411256,0.016595028241475424,0.021077651977539063,0.013010088205337524,,,0.0001,7.375635623931885,,,,
56,0.044770078328640564,0.0014038523836263819,0.04336622600322184,0.025936808518093567,0.00034858836063548273,0.00038952854937752306,0.016107208662382935,0.05270565139210742,0.0343661798245233,0.050644310110289116,0.035748763576797814,0.0009398952060275607,0.019137537876764935,0.02622140884399414,0.01621199448903402,0.02090336561203003,0.013213382562001547,0.05814269557595253,0.0,0.0001,7.398168325424194,0.05814269557595253,0.05612478032708168,0.05340185388922691,0.03718917444348335
57,0.044170454792354416,0.0010229115065632632,0.04314754368818324,0.025716275462637776,0.00034862536678860045,0.000388500737481872,0.015892265445512276,0.05239149150641068,0.034247938624542694,0.05037522380766661,0.0355755193563907,0.0012914032264992044,0.01884835143884023,0.025228682359059652,0.016257785161336264,0.02085964520772298,0.013047293027242024,,,0.0001,7.352397918701172,,,,
58,0.04447605574260587,0.0013009953494791103,0.04317506014004997,0.025769063959950985,0.0003481199332188977,0.00038776958725698614,0.01600225184760664,0.05242324976817421,0.034220784092726914,0.05033787906817768,0.035718329574750816,0.0010028682638097692,0.01890528897444407,0.025150781472524007,0.016417088508605956,0.021065828800201417,0.012987457116444905,0.05887024104595184,1.0,0.0001,7.4356043338775635,0.0562715046107769,0.05887024104595184,0.05069772154092789,0.03665115684270859
59,0.04423687396490056,0.0011318345597196046,0.04310503942163094,0.02570123201155144,0.00034807613828098,0.00038739109953419995,0.015909694054204483,0.05233703359313633,0.03419566543205925,0.05040049763477367,0.035486959730801376,0.0006651559476499204,0.018985837697982788,0.025633495648701987,0.016367754538853963,0.020953364769617715,0.012988735834757487,,,0.0001,7.371075630187988,,,,
60,0.04461525963700336,0.0013238205675683591,0.04329143918078879,0.025820048606914024,0.00034942779988657844,0.0003886714175282775,0.016098943700932938,0.052667474455159645,0.03438788441860158,0.05048207436566767,0.03562832145911196,0.0023888952184606483,0.019184196194012963,0.026466776529947916,0.016201279163360595,0.02131469488143921,0.012754034201304118,0.0551568940281868,1.0,0.0001,7.434396743774414,0.05511808395385742,0.0551568940281868,0.05171310529112816,0.032503388822078705
61,0.04469564022577327,0.0015403048120155606,0.043155335375796196,0.025742441820709602,0.0003482578600675839,0.0003871453683013501,0.015989650040864944,0.05253151350695154,0.03422464430332184,0.05030705099520476,0.035558131078015205,0.0008446684095594618,0.018892350792884826,0.025642454624176025,0.016244081656138103,0.02088381290435791,0.01279905398686727,,,0.0001,7.367227792739868,,,,
62,0.0440074845176676,0.0009986991442375534,0.043008785370899284,0.025629765799512035,0.00034758038616374785,0.00038674603970518905,0.015775745127188122,0.05215219392076782,0.03411988500991593,0.0503238844482795,0.03543917608001958,0.0008771849314371745,0.019256794850031535,0.026240685780843098,0.016495360533396404,0.021273141702016194,0.013017991383870442,0.05787501856684685,1.0,0.0001,7.427070379257202,0.055760458111763,0.05787501856684685,0.051664505153894424,0.03693053126335144
63,0.044311071381620735,0.0012348875335073503,0.0430761834849482,0.025710374683789585,0.0003473161777947098,0.00038568029539538145,0.0159442238509655,0.05225721584713977,0.034216213890391846,0.05031892446720082,0.03551238127376722,0.001896723062020761,0.019093492925167082,0.026185317039489744,0.01647071401278178,0.020692647298177082,0.013025293350219727,,,0.0001,7.3434975147247314,,,,
64,0.044030301110899964,0.0010490730612376785,0.04298122794083927,0.025579316217614258,0.0003480382210514306,0.0003862076125148198,0.015900306160683216,0.05215538293123245,0.034026608761885895,0.050226628456426704,0.03551629104692003,0.0017650661892361112,0.019084532956282298,0.026188799540201823,0.01620650808016459,0.021272928317387897,0.012669895887374877,0.05499465391039848,0.0,0.0001,7.424120187759399,0.05499465391039848,0.05374535173177719,0.05028073489665985,0.03426192328333855
65,0.04402556837252949,0.0011500597364552643,0.042875508413366646,0.025521655202559803,0.00034707706198906123,0.000384948779474539,0.01577654792724744,0.052053085811760116,0.03392465663668902,0.050091643534276795,0.03543264831861724,0.0010086734065303097,0.019097890257835388,0.025873617728551228,0.01649869402249654,0.02123286247253418,0.012786386807759603,,,0.0001,7.344364643096924,,,,
66,0.043872543975062996,0.0009683282696641982,0.04290421566237574,0.02557046047371367,0.00034667509759816784,0.0003839681727265048,0.015747493699840878,0.05201758654869121,0.034052107402164,0.05011550774392874,0.03543165876813557,0.00047055217601634836,0.01879873216152191,0.02518646240234375,0.01632813294728597,0.020955517292022705,0.012724816004435221,0.05700760707259178,1.0,0.0001,7.453343391418457,0.05516194552183151,0.05700760707259178,0.052890345454216,0.037404704838991165
67,0.043982526692359344,0.0011057137744501233,0.04287681339875511,0.02552703006759934,0.00034699567502526486,0.0003839146710284378,0.01576490279125131,0.05190787043260491,0.03396842993147995,0.05018349591156711,0.03544745885807535,0.0019399584734881366,0.01877453108628591,0.025098818937937417,0.0162545649210612,0.02096680800120036,0.012777932484944661,,,0.0001,7.387259244918823,,,,
68,0.04413890368912531,0.0012464812607504427,0.04289242236510567,0.025564814229374348,0.00034655215289524716,0.00038335255078930896,0.01593797653913498,0.05213689625911091,0.03401909930550534,0.0499443679076174,0.03546932453046674,0.0008750402097348814,0.018781234920024873,0.024950331052144368,0.01632068634033203,0.021012733777364095,0.012841188510258993,0.057854063808918,0.0,0.0001,7.431416273117065,0.057854063808918,0.054162006825208664,0.0518157035112381,0.0337788350880146
69,0.044477103844932885,0.0014423891021262693,0.043034715173037155,0.025625326468244843,0.00034818778943229955,0.0003836024198276193,0.016007144570998524,0.05238835740348567,0.03403854588775531,0.050268407749093094,0.03544355248627455,0.0012680699383770977,0.019011839528878527,0.025895131429036457,0.016404722531636554,0.02085424542427063,0.012893258730570475,,,0.0001,7.4141106605529785,,,,
70,0.04406864212259003,0.00116738155053969,0.0429012605353542,0.025558819184484688,0.0003468488322813874,0.0003825917146573572,0.01569466191627409,0.051942145532887916,0.03398522200143855,0.05018166825175285,0.03549600716518319,0.002620467970106337,0.01917084534962972,0.026320072015126546,0.01645098368326823,0.02110292116800944,0.012809404532114665,0.061156608164310455,0.0,0.0001,7.396163702011108,0.061156608164310455,0.05514872446656227,0.052837878465652466,0.03611430153250694
71,0.04367028873251832,0.0010477695917791646,0.0426225190901238,0.025364777640156124,0.0003451548400335014,0.0003807297680000572,0.015636390115579834,0.051753847333400146,0.03380549059289953,0.04974872975245766,0.03518201119225958,0.0006057118733723959,0.018782819012800853,0.025110439856847126,0.016191529432932537,0.021060326894124348,0.012768979867299397,,,0.0001,7.33820652961731,,,,
72,0.043586492052544716,0.0009457025697211857,0.0426407892095006,0.025388946270813114,0.0003450368695548209,0.0003800655780967487,0.015700795849704224,0.051748242715130684,0.033833900223607605,0.04979025410569232,0.03519076108932495,0.001078683344523112,0.01927334755659103,0.026579675674438478,0.01661732792854309,0.020994555155436197,0.01290183146794637,0.06001680716872215,0.0,0.0001,7.424931049346924,0.06001680716872215,0.0572257936000824,0.05377418175339699,0.03827492892742157
73,0.0436820007212784,0.001135225007917894,0.04254677551596061,0.025318758562207222,0.00034456034368106526,0.00037968472790215975,0.015748449439263863,0.05162298792730207,0.03382584347349146,0.049541134711193,0.03519713570890219,0.0007077994452582466,0.018897255460421244,0.025241621335347495,0.016571463743845622,0.020968830982844036,0.012807105779647826,,,0.0001,7.405432939529419,,,,
74,0.044141547025545784,0.0014768241355499333,0.04266472274194593,0.025479596918043884,0.0003437025146052727,0.00037858086263598955,0.015869664635671223,0.051999912961669593,0.0338308722914561,0.04947895265143851,0.035349154277988105,0.0023515726725260415,0.018881895244121552,0.02585161368052165,0.016116751829783123,0.020812647740046184,0.012746567726135255,0.0578373558819294,0.0,0.0001,7.454931974411011,0.0578373558819294,0.055984288454055786,0.05291209742426872,0.03526773676276207
75,0.04381880423297053,0.0012486363449842547,0.04257016758555952,0.02538977466199709,0.000343607858825556,0.0003780966989048149,0.0157366492583052,0.05176575983995977,0.03379134906698828,0.04950512378760006,0.0352184380526128,0.0008341464289912471,0.018829691310723623,0.024229527314503986,0.017163543701171874,0.020928370555241903,0.012997323671976726,,,0.0001,7.394322872161865,,,,
76,0.04382207941101945,0.0012612107295907385,0.04256086828915969,0.025386546374015186,0.0003434864502987298,0.0003779895980741181,0.015841716617021873,0.0517577916059805,0.03382139993102654,0.04948728725962017,0.03517699597970299,0.0009939832616735387,0.018667324086030324,0.024603451887766522,0.01649252971013387,0.020668510993321735,0.01290480375289917,0.05856458470225334,0.0,0.0001,7.4432268142700195,0.05856458470225334,0.05582244694232941,0.05108664557337761,0.03481670841574669
77,0.04433010340384815,0.0015393646494687898,0.04279073878474857,0.02555199040342932,0.0003447749654499247,0.0003780791632142728,0.01576355338582526,0.05211263311945874,0.03392994582005169,0.04976691921120104,0.03535345723123654,0.0014542355007595485,0.018793442845344545,0.025126102765401205,0.01635100762049357,0.020823562145233156,0.012873098850250245,,,0.0001,7.375573635101318,,,,
78,0.04421236819547156,0.00165494590866096,0.04255742207169533,0.025373064953347912,0.00034368714778279156,0.0003774320319517637,0.01569771803105655,0.05179955551157827,0.033816353134486984,0.049417963170486946,0.03519581728007482,0.0015823701364022715,0.01897428810596466,0.024936363697052003,0.016845124165217083,0.021026648680369058,0.0130890158812205,0.05853917822241783,0.0,0.0001,7.410199880599976,0.05853917822241783,0.05740874260663986,0.05150657147169113,0.03454688563942909
79,0.04333142336943875,0.0009736354720940733,0.0423577876518602,0.02525411813479403,0.00034207338467240334,0.00037602976637730455,0.015768038270914036,0.05142809159081915,0.03365902570278748,0.04914168511395869,0.03520234617526117,0.0005341500600179037,0.018817839721838633,0.024930221637090046,0.016531451145807903,0.020817163785298666,0.012992522319157918,,,0.0001,7.333789825439453,,,,
80,0.04323230246486871,0.000979998138854685,0.04225230427539867,0.025181457643275677,0.0003414169439802999,0.00037499921998697454,0.015530674596843512,0.05126084824619086,0.033553138537251434,0.049122369807699455,0.03507286293999008,0.0005429840511745877,0.01883090575536092,0.025150729815165203,0.01638684908548991,0.020926202932993573,0.012859841187795004,0.060567695647478104,0.0,0.0001,7.394359111785889,0.060567695647478104,0.05671967193484306,0.05444563180208206,0.03533608838915825
81,0.04437674533413804,0.0017032138446507895,0.04267353191971779,0.0255042497554551,0.0003433856396915634,0.0003759640018435438,0.01579281084401452,0.05208819732069969,0.03389513897507087,0.0494690519636092,0.03524173812373825,0.0007545613748055917,0.018783311645189923,0.024473029375076293,0.01665139118830363,0.02115091641743978,0.012857909599939982,,,0.0001,7.391059398651123,,,,
82,0.04371340265092642,0.0012377740147159152,0.042475628464118294,0.025350799541110577,0.0003424965720826193,0.00037516502324370265,0.01569661773417307,0.051814803772646446,0.033702628201116684,0.049154839761879135,0.03523024163492348,0.0014667425084997107,0.019126507838567095,0.026383505662282307,0.01628453811009725,0.02104799826939901,0.012789989312489827,0.05747639015316963,0.0,0.0001,7.371545314788818,0.05747639015316963,0.05579125136137009,0.05163174122571945,0.03645386919379234
83,0.0430708734885506,0.0009309768970326885,0.042139896718056305,0.025105112677683002,0.0003406956713423943,0.0003732505315185889,0.01547125957744277,0.051116828199314034,0.033508318030963775,0.04894494816013004,0.034989491348033364,0.0010964452390317563,0.019136176804701487,0.026200411319732667,0.016452139616012572,0.021010122299194335,0.012882033983866373,,,0.0001,7.32073450088501,,,,
84,0.04379479538487351,0.0013170442948846714,0.0424777510697427,0.02532890568608823,0.0003429769105581648,0.00037479167677583575,0.015726611909011135,0.0516065091866514,0.03380416406561499,0.04928773463420246,0.03521259631151739,0.0017915169044777199,0.01899826963742574,0.02610120375951131,0.0162764573097229,0.020915406147638958,0.012700011332829794,0.058682866394519806,0.0,0.0001,7.3822410106658936,0.058682866394519806,0.05590810626745224,0.050958603620529175,0.035871487110853195
85,0.04337227717041969,0.0012128420614475465,0.042159435217795166,0.025138588379258694,0.0003404169477542619,0.00037300406003613836,0.015523256531552128,0.051318497923405273,0.033606134921960205,0.04881063605780187,0.034902472210967025,0.0007606296680591724,0.018738883435726165,0.025089017947514853,0.016331894397735594,0.020868573188781738,0.012666048208872478,,,0.0001,7.372163772583008,,,,
86,0.04323388134007868,0.0011023215319374171,0.04213155984230663,0.025068916218436283,0.00034125287050340813,0.0003724667008298085,0.015527391482306563,0.05114578633852627,0.03352353640872499,0.04894365953362506,0.03491325781721136,0.0008637205053258825,0.018856885731220244,0.02540225346883138,0.016463050444920857,0.020839699109395347,0.012722539901733398,0.05914589762687683,0.0,0.0001,7.383984804153442,0.05914589762687683,0.05583612620830536,0.05272930860519409,0.03780128061771393
87,0.043330854209868805,0.0011251277996368867,0.04220572680882786,0.02518365410682948,0.00034044144432181895,0.00037173133561104214,0.015703698944138443,0.05127421588353489,0.03354275461448276,0.0489167190440323,0.03508921599258547,0.0017378556428132234,0.01898117442925771,0.025877635478973388,0.016204519271850584,0.021147716045379638,0.01269482692082723,,,0.0001,7.366548299789429,,,,
88,0.043545779002749405,0.001375856215853001,0.04216992255786191,0.02511628012618293,0.00034107284306589026,0.0003717014358540916,0.015454199327074963,0.05129420546733815,0.03364932334617428,0.048742431823326195,0.03499372959460901,0.0010312470895272713,0.01863314986228943,0.02443058172861735,0.01653866688410441,0.020844730933507284,0.01271861990292867,0.058173857629299164,0.0,0.0001,7.41761589050293,0.058173857629299164,0.055918727070093155,0.05003847926855087,0.035951804369688034
89,0.043317408341428505,0.0011734895904184036,0.042143918573856354,0.025147756561636925,0.0003399232392320814,0.00037054208223707974,0.015609306445264298,0.05125523083235906,0.033527579239529114,0.048834969006154846,0.03495789481245953,0.0009267352422078451,0.018863523999849953,0.025103847980499267,0.016636305650075275,0.020980708599090576,0.012733233769734701,,,0.0001,7.451846599578857,,,,
90,0.04288962564390639,0.0009418846178880852,0.04194774106144905,0.024991873813712078,0.00033911734783981484,0.0003697397060813787,0.015487643890082836,0.05097240063807239,0.033389298893187355,0.04855974682647249,0.034869519426770836,0.0007808494002730758,0.01867485652367274,0.024769172668457032,0.016423718531926472,0.02082575003306071,0.012680784861246745,0.05832603573799133,0.0,0.0001,7.394579172134399,0.05832603573799133,0.05580725520849228,0.05158539488911629,0.03617658093571663
91,0.04320079120604888,0.0011770519030624596,0.042023739089136536,0.02504590785373812,0.0003395566246067376,0.00036939657445106167,0.015491917202978031,0.051279815804699196,0.033369865673391716,0.04868585907894632,0.034759417419200356,0.0020821770562065973,0.019093061089515688,0.025969486236572265,0.016668137709299723,0.020946770509084067,0.012787849903106689,,,0.0001,7.340229749679565,,,,
92,0.04311130001493122,0.0011967288687035602,0.0419145709146624,0.0249790212382441,0.00033871100648589754,0.0003680122292438603,0.015456439765251202,0.050977632565342865,0.03334694420513899,0.048491115803303925,0.03484259270455526,0.0005841416111698857,0.018942970633506775,0.025622769594192504,0.01641931931177775,0.02094863017400106,0.012781163454055786,0.057284269481897354,0.0,0.0001,7.409667730331421,0.057284269481897354,0.05515765771269798,0.05261324346065521,0.03947257250547409
93,0.04316636385477107,0.001208640810901947,0.04195772338172664,0.025000150598909542,0.0003391514486714226,0.00036805759831939054,0.01556521998313458,0.05103529908734819,0.0334542176645735,0.0484062012123025,0.034935175724651504,0.0008420131542064526,0.018840352098147075,0.024956607023874918,0.016519227027893067,0.021220375696818033,0.01266519864400228,,,0.0001,7.329434633255005,,,,
94,0.042941989296156426,0.0011330461749584292,0.0418089432236941,0.02493783572445745,0.00033742215600796044,0.00036636962550287336,0.01540313264274079,0.05087604972979297,0.033354860042100365,0.048303215885939804,0.03470164837072725,0.0012683766117802372,0.018987563550472257,0.02526696801185608,0.01689056952794393,0.020851236979166667,0.012941479682922363,0.05815151333808899,0.0,0.0001,7.3746161460876465,0.05815151333808899,0.054860975593328476,0.051950253546237946,0.03615019842982292
95,0.0430477455906246,0.0012202669598121681,0.041827478810496956,0.024948131293058395,0.0003375869406306225,0.00036587667747643655,0.015446249962500904,0.050904333267522896,0.03335164924678595,0.0482927988404813,0.03476113323932108,0.0006069356282552083,0.01874868671099345,0.025094987551371257,0.016446408033370972,0.020740622679392497,0.01271272857983907,,,0.0001,7.359437942504883,,,,
96,0.043316461469816124,0.001376938834057554,0.04193952242317407,0.024997602500345394,0.00033883839268642276,0.0003671160084195435,0.015573790701835052,0.05111450604770495,0.03334028889303622,0.04856651972817338,0.03473677437590516,0.0010238067909523292,0.0189884610970815,0.02599419911702474,0.016396114428838093,0.02087737758954366,0.012686153252919516,0.05808334797620773,0.0,0.0001,7.453043699264526,0.05808334797620773,0.055477648973464966,0.049281876534223557,0.036870721727609634
97,0.04324104393953863,0.0013061657702327584,0.041934878119955894,0.025062761471971222,0.000337442342677842,0.00036535169372497046,0.015470028733429701,0.05113419906600662,0.03344639957599018,0.048281563688879425,0.034877350796823914,0.0007540375038429543,0.019077436129252116,0.02569340149561564,0.016598778168360393,0.021308776140213013,0.012708788712819417,,,0.0001,7.385758876800537,,,,
98,0.04328601629189823,0.0013083321669989307,0.04197768364911494,0.02509270357372968,0.0003376996028237045,0.00036516853319683475,0.015407461713513603,0.051042277527892074,0.03354446492765261,0.04847089946269989,0.03485309154443119,0.0008994348879213687,0.018712160487969715,0.024826217095057168,0.01641929308573405,0.02092326800028483,0.012679863770802815,0.05788873881101608,1.0,0.0001,7.435279369354248,0.05733415484428406,0.05788873881101608,0.04923639073967934,0.036346081644296646
99,0.04286008603546931,0.0011114041275425773,0.041748681956011315,0.024919246849806412,0.0003365887032882513,0.0003638702075240081,0.015445197527499302,0.050859945623771004,0.03329509917808616,0.04814467481944872,0.03469500755486281,0.0013026910146077474,0.018999389310677847,0.025491724809010824,0.01661273717880249,0.021078166564305622,0.012814928690592448,,,0.0001,7.390764474868774,,,,
100,0.04326124975214834,0.001370398293542878,0.04189085134345552,0.02500874897384125,0.00033764204683551645,0.00036424435877605623,0.015578510604150917,0.05105308103172675,0.03333429012285626,0.048333507841048035,0.03484252694508304,0.0012724741759123626,0.01893948942422867,0.025374112129211427,0.016456534067789713,0.021230175097783407,0.012697136402130127,0.058305513113737106,0.0,1e-05,7.558061599731445,0.058305513113737106,0.055321015417575836,0.050707586109638214,0.03808921203017235
101,0.04259381540443586,0.0010981338792075605,0.041495681780835854,0.02467433930091236,0.00033642686954092073,0.0003630874309000438,0.015286482384671335,0.05041578914160314,0.03314327740150949,0.0479905657146288,0.03443309664726257,0.0015911231712058738,0.019227392971515656,0.02597923477490743,0.016760847171147664,0.02085159420967102,0.013317895730336508,,,1e-05,7.359597444534302,,,,
102,0.04276618021337882,0.0010023284526339369,0.04176385166204494,0.024874958979046864,0.00033777785669688296,0.00036441850470905393,0.015500086562141129,0.050782699785802674,0.0332562043129102,0.04823969579909159,0.034776806264467865,0.0006686385260687934,0.018777762353420258,0.024397089878718057,0.016734666029612225,0.021205771764119467,0.012773521741231282,0.058959685266017914,0.0,1e-05,7.445895671844482,0.058959685266017914,0.05593486875295639,0.04992152750492096,0.03698739781975746
103,0.042626344153414604,0.0011523259087445458,0.041474018569873726,0.024683836847543716,0.0003358036363193684,0.00036265601343272823,0.015285772757361765,0.050453218267015786,0.03307615447303523,0.047875483236882996,0.03449121643991574,0.0011425643779613354,0.018854489823182424,0.025454800128936767,0.0165547506014506,0.020688894192377728,0.0127195143699646,,,1e-05,7.408519506454468,,,,
104,0.04236932973498884,0.0008846362293495432,0.04148469379414683,0.024661979435578636,0.0003364542866145949,0.00036331991482850003,0.01524047124321046,0.050412839197594185,0.03305934304776399,0.0479194403666517,0.034547152645562004,0.0005471544336389612,0.018758412003517154,0.024809720913569134,0.016590359608332318,0.02094507892926534,0.012688488562901815,0.05956662446260452,0.0,1e-05,7.409562349319458,0.05956662446260452,0.05700191855430603,0.05154164135456085,0.03768148273229599
105,0.04229729395845662,0.0009112314083208532,0.04138606252229732,0.024588317569831143,0.0003359549028454753,0.00036248724538144535,0.01521055659522181,0.050314494125221085,0.03293401545480541,0.04783646195479061,0.034459278635356735,0.0010204744127061632,0.018731244802474973,0.02476739803949992,0.016770581404368084,0.020570557117462158,0.012816442648569742,,,1e-05,7.377686977386475,,,,
106,0.04274248688117317,0.0011154893816084318,0.041626997615980064,0.02476218205107295,0.00033729631484121734,0.00036373444701261496,0.015390662354943544,0.05064739869988483,0.033128554973265396,0.04799181530657022,0.03474022334684496,0.0008985136526602286,0.018670484721660614,0.024514851570129396,0.01647970120112101,0.021041775941848754,0.012645610173543294,0.05825931951403618,0.0,1e-05,7.428632020950317,0.05825931951403618,0.05672936514019966,0.05162179470062256,0.037428829818964005
107,0.04266063723227252,0.001121670301274761,0.04153896722456683,0.02468727026944575,0.0003370339564634892,0.0003631058498285711,0.01528902651499147,0.05060130163379337,0.033113289705437164,0.04797804647165796,0.034463235379561134,0.0008874937834563079,0.01884974678357442,0.02501152833302816,0.016737173000971477,0.020600606600443522,0.013049679199854532,,,1e-05,7.360805034637451,,,,
108,0.04246755478822667,0.0009533042283020104,0.04151425040934397,0.024660967128432316,0.0003370656669848477,0.00036347511796402216,0.015283242718357107,0.0504601960596831,0.03308421251890452,0.04803392145296802,0.03447867103892824,0.0011789225825557003,0.018968901534875234,0.025324604511260985,0.016825473705927532,0.020910136699676514,0.012815391222635905,0.057671308517456055,0.0,1e-05,7.459411859512329,0.057671308517456055,0.056056492030620575,0.052034880965948105,0.04017142206430435
109,0.042313629356415375,0.0009062191681511214,0.04140741037933723,0.024639147131339363,0.0003353652693634934,0.00036183417693752307,0.01524915327520474,0.05028251914874367,0.0330211429492287,0.04776821981953538,0.0345577597618103,0.0007451640093768084,0.01875485450029373,0.02467589735984802,0.016865817705790202,0.020692888895670572,0.01278481403986613,,,1e-05,7.389400959014893,,,,
110,0.042541174622981445,0.0009074754020928041,0.04163369908928871,0.02472089425377224,0.00033825609843125164,0.0003645187598126738,0.015277444061053835,0.05052275777510975,0.03313769197658352,0.0482678494375685,0.034606495143278786,0.0008204525982892072,0.019080385069052377,0.025077224969863893,0.01656310240427653,0.022003318866093954,0.012677894035975138,0.05859636887907982,0.0,1e-05,7.410015106201172,0.05859636887907982,0.05688447877764702,0.04826623573899269,0.036351483315229416
111,0.042360526712044426,0.0010191590952909673,0.041341367623080376,0.02459204358899075,0.0003349864766831793,0.0003614728047978133,0.015213366516906282,0.050330210477113724,0.032955590716522674,0.04762474123550498,0.03445492579561213,0.0012008604544180412,0.019109480579694114,0.02588156223297119,0.016712618668874104,0.02070295572280884,0.013140785694122314,,,1e-05,7.375483512878418,,,,
112,0.042388716793578606,0.000907649995971714,0.04148106698108756,0.024677230855045112,0.00033607671376439214,0.0003622027225387485,0.01535832230001688,0.050423797219991684,0.03312428190332392,0.04781230441901995,0.03456388308626154,0.0014461545873571326,0.018932788173357643,0.025683860778808593,0.01645367463429769,0.020981578826904296,0.012612038453420004,0.06162428483366966,0.0,1e-05,7.388649225234985,0.06162428483366966,0.05513737350702286,0.051108550280332565,0.03883646801114082
113,0.04246785102978996,0.0009657343642016792,0.04150211632899616,0.024675372745031895,0.00033653485867113847,0.0003627466098607882,0.015221731413317762,0.05045156812538271,0.0330464993805989,0.04793513809209284,0.034575257774280464,0.0013371852309615525,0.018928676942984266,0.02554309606552124,0.01657288630803426,0.02090184171994527,0.012696883678436278,,,1e-05,7.343661785125732,,,,
114,0.04230298879353896,0.0009150692810932094,0.041387919498526535,0.024591334083158035,0.0003359317058272174,0.0003621273790486157,0.015211814447589542,0.05026172619798909,0.03306690433427044,0.04779857607639354,0.034424471790375916,0.0006301145765516493,0.018810020089149476,0.025207778612772624,0.016528363227844237,0.020802168051401775,0.012701770464579265,0.057229600846767426,1.0,1e-05,7.3782031536102295,0.056895118206739426,0.057229600846767426,0.051808975636959076,0.0372941754758358
115,0.04257238380934881,0.0010278056218774746,0.041544578321602035,0.024707425871621006,0.0003367430434319312,0.0003631361975314339,0.015344861975830534,0.05047748205454453,0.033071409101071564,0.048059026832165924,0.03457039570354897,0.001150788766366464,0.018862661719322205,0.02553004264831543,0.016356990337371827,0.020999333063761394,0.012564280827840169,,,1e-05,7.3400139808654785,,,,
116,0.04253130713882654,0.0010540866136105487,0.04147722053786983,0.024661607473440792,0.0003363122586565821,0.00036276422273975027,0.015236334713256878,0.05050629490743513,0.0330405648311843,0.047853821645612304,0.034508200767247574,0.0006831021626790365,0.018613932728767393,0.024361634651819866,0.01659455458323161,0.020623732010523477,0.012875809669494628,0.05853523313999176,0.0,1e-05,7.402548789978027,0.05853523313999176,0.05667971074581146,0.05336080119013786,0.03632854297757149
117,0.04273465421536694,0.0012356840408123705,0.04149896991641625,0.02467039178894914,0.0003365715636628801,0.0003621403973185174,0.015309205602692522,0.050459685209004776,0.03300639144752337,0.04789852302359498,0.03463128233409446,0.0003978414464879919,0.018582181831200917,0.02433048645655314,0.01659178813298543,0.02068567752838135,0.012720775206883748,,,1e-05,7.418017387390137,,,,
118,0.04238638055065404,0.0009935508221489094,0.04139282975507819,0.02460775864513024,0.0003357014160745008,0.0003617561508334525,0.015283156550772812,0.05029035570180934,0.032939176520575646,0.04788918566444646,0.03445260080954303,0.0006690054151746961,0.018611353039741516,0.024590921004613242,0.016438584327697753,0.02068800648053487,0.012727900346120199,0.05791234225034714,0.0,1e-05,7.491840124130249,0.05791234225034714,0.05549187213182449,0.05279522389173508,0.03654725104570389
119,0.0421528571649738,0.0008758076051574038,0.04127704951426257,0.024537048909975136,0.0003348000198298984,0.00036120984915886885,0.0151267241605598,0.05023953739715659,0.03289479827103407,0.047575126361587776,0.03439873691810214,0.0005619364844428169,0.018683928847312927,0.02496517578760783,0.01644032080968221,0.0205983297030131,0.012731889088948567,,,1e-05,7.327643632888794,,,,
120,0.0424421988427639,0.0009783439328084173,0.04146385533006295,0.024657596469573353,0.0003361251741728705,0.0003618841836451674,0.015319095479081507,0.05030159571248552,0.03299450582784155,0.04793802875539531,0.03462129013369913,0.0006765589396158854,0.018559794028600057,0.02443060517311096,0.016455849011739094,0.020764536460240682,0.012588185469309489,0.05855315551161766,0.0,1e-05,7.402414798736572,0.05855315551161766,0.05542634055018425,0.05227365717291832,0.03758523240685463
121,0.042222440242767334,0.0009323819451864161,0.0412900582279848,0.024544231512624283,0.00033491653764782393,0.0003610968579659643,0.015139100344284721,0.05022029254747474,0.03293156955877076,0.047655107696419174,0.03435326416207397,0.0004894926071166993,0.018766731321811676,0.024849272171656292,0.016575388511021933,0.02081360379854838,0.012828660806020102,,,1e-05,7.340331792831421,,,,
122,0.04283567777146464,0.001244773287275482,0.041590904897969704,0.0247321843938983,0.00033717441281465733,0.0003627389289803155,0.015374321247572485,0.05068627388580986,0.03314191653676655,0.04798640132598255,0.03454902881513471,0.0023740616409866897,0.019380020598570507,0.02686234434445699,0.01655168294906616,0.02151327848434448,0.012592776616414388,0.061094824224710464,0.0,1e-05,7.509620428085327,0.061094824224710464,0.05416812375187874,0.05136929079890251,0.03960806876420975
123,0.04231226654804271,0.0009496763928125248,0.04136259027797243,0.024598442989846935,0.0003352829447502027,0.0003610761651425096,0.015154158170132534,0.050324283378279724,0.032979907548945885,0.04769854636295982,0.034447624874503716,0.0010356000547055845,0.01913163363933563,0.02587684988975525,0.01681775410970052,0.020634864966074626,0.013197065591812133,,,1e-05,7.442545175552368,,,,
124,0.04242941316055215,0.00100028434889796,0.04142912882177726,0.024633539192702458,0.00033591178235719383,0.00036174269727147794,0.015355793435288511,0.050409254010604775,0.03296544111293295,0.04780403200698936,0.034537784593260804,0.0007779788829662182,0.01860958606004715,0.024564262628555298,0.016438896656036376,0.020779987970987956,0.012655196984608968,0.05799966678023338,0.0,1e-05,7.453836679458618,0.05799966678023338,0.05798372998833656,0.05223562568426132,0.036697860807180405
125,0.04214115651405376,0.0008674893571246091,0.04127366711264071,0.024543461835254795,0.00033460409031249583,0.0003604609772320027,0.015114007882126,0.05022161956066671,0.032940374120422035,0.047545927374259285,0.034386744398785675,0.0019917155513057,0.019213611086209614,0.026098112265268963,0.01705931584040324,0.020694011052449543,0.013003005186716715,,,1e-05,7.352004766464233,,,,
126,0.042519153136274086,0.001045009612267756,0.04147414361005244,0.024682027166304382,0.00033584233935234016,0.0003612725109712261,0.015263115420289661,0.05049790215233098,0.033095639118033905,0.047841399908065796,0.034461634314578514,0.0013841145268192999,0.018970964749654134,0.02579568386077881,0.016527951558430988,0.020825307766596475,0.012734915812810261,0.05977050960063934,0.0,1e-05,7.480239391326904,0.05977050960063934,0.054208870977163315,0.05238885432481766,0.03865339979529381
127,0.042177708252616554,0.000887327127755903,0.04129038103248762,0.02455680331458216,0.0003346715479299588,0.00036050880747928244,0.015243237716672213,0.05018915316980818,0.03299932521970376,0.04754851628904757,0.03442453042320583,0.0008024444156222874,0.01883735865354538,0.025226235389709473,0.01655472755432129,0.020810771783192954,0.012757699886957805,,,1e-05,7.425290584564209,,,,
128,0.04248512584878051,0.001093564471533603,0.04139156153668528,0.024633816645845123,0.00033515491953079146,0.00036054918461519736,0.01522145444608253,0.0503435965789401,0.0330766554435958,0.04761834442615509,0.0345276514797107,0.0010789744624385127,0.0189062312245369,0.02498824636141459,0.016645652453104655,0.020983836650848388,0.013007189432779948,0.05628286302089691,1.0,1e-05,7.407121658325195,0.05408118665218353,0.05628286302089691,0.053844280540943146,0.038569968193769455
129,0.04212761508381885,0.0008222438400084882,0.04130537127671034,0.024553791984267857,0.0003350315888857712,0.0003608636223994519,0.01518733321648577,0.05025332129519919,0.03301975463071595,0.04759046176205511,0.034357947904778564,0.0005190656591344763,0.018774452209472655,0.0246619979540507,0.016736928621927896,0.020872356096903483,0.012826526165008545,,,1e-05,7.50589919090271,,,,
130,0.04273300261601158,0.001110448097081288,0.041622554478438004,0.024763802714321926,0.00033717503917970413,0.0003624564067096166,0.015388890898422054,0.050579156888567886,0.033154752753351044,0.047922876542029175,0.0348334309199582,0.0024347048158998843,0.019050966501235965,0.026161352793375652,0.01635517120361328,0.021016984780629477,0.01267035722732544,0.061183393001556396,0.0,1e-05,7.413546085357666,0.061183393001556396,0.05466629937291145,0.048862967640161514,0.0379549078643322
131,0.042728079401928444,0.0010877309174722304,0.041640348732471466,0.02475097135681173,0.0003377875533339608,0.0003630893201182556,0.015398441408963306,0.050588309602892914,0.03310425911584626,0.04817500111201535,0.03469382380337819,0.001459983797426577,0.018960615396499635,0.02541370431582133,0.016541519165039063,0.021265234549840292,0.01262200355529785,,,1e-05,7.410495281219482,,,,
132,0.04258125842265461,0.0011880894042247826,0.04139316908043364,0.02463625168994717,0.00033513836198202944,0.0003606670614554668,0.015211239416638146,0.050467086227043816,0.03299503797746223,0.04762941080590953,0.03448114333593327,0.0009218460294935438,0.0187910063068072,0.024986130396525065,0.016613574028015138,0.0208328648408254,0.0127314559618632,0.05665825307369232,0.0,1e-05,7.538093566894531,0.05665825307369232,0.055604614317417145,0.05363502725958824,0.0372590534389019
133,0.042412345176157745,0.001051856733797847,0.04136048824242924,0.0245994271143623,0.00033522121679118794,0.0003605048455621885,0.015228498362652634,0.050353604004434914,0.032933191598757454,0.04757552350992742,0.03457963272281315,0.00040346109602186416,0.018633844256401064,0.024557414452234905,0.016610244512557982,0.02063496271769206,0.012732755343119304,,,1e-05,7.43200421333313,,,,
134,0.04238819671065911,0.0009511412404801534,0.041437055591655815,0.02463570334341215,0.00033602703985272217,0.0003614550299497078,0.015255541257236315,0.05041551411799763,0.03304358288321806,0.04771620294322138,0.0345729220982479,0.0005149299621582032,0.018560192783673605,0.02454175074895223,0.016355972290039062,0.020673250357309977,0.012669797738393147,0.058272019028663635,0.0,1e-05,7.476147174835205,0.058272019028663635,0.0574047826230526,0.052000902593135834,0.03724871948361397
135,0.04232367808404176,0.0011046819234489585,0.041218996533881065,0.02452190989709419,0.0003339417453389615,0.0003594500847849185,0.015202059248543304,0.05018294877980067,0.032846234414888466,0.04751674280218456,0.034330060138650566,0.0011970829433865017,0.019047123491764066,0.025210933685302736,0.016926940282185873,0.020636180639266966,0.0134144393603007,,,1e-05,7.452589511871338,,,,
136,0.042366174900013466,0.0010648465515418059,0.04130132852689079,0.02455061779397985,0.0003350142164297564,0.0003602877031485348,0.01516356716013473,0.050215656666652016,0.03295688517391682,0.04760321051530216,0.03442955980806247,0.0009146652080394604,0.01870814889669418,0.02494210720062256,0.016574025948842365,0.020637187560399374,0.012679274876912434,0.05829374119639397,1.0,1e-05,7.441389083862305,0.05782720074057579,0.05829374119639397,0.05299500748515129,0.03715633973479271
137,0.042278912242340004,0.0009730457981198055,0.041305866092443466,0.024554779834073524,0.00033502173027954996,0.0003601802682564796,0.015187222632053106,0.05012715753653775,0.032956825245333755,0.0477114395926828,0.034428042562111565,0.001618608065004702,0.018704719344774884,0.025064164002736408,0.016467158794403077,0.020624523162841798,0.012663031419118245,,,1e-05,7.354037523269653,,,,
138,0.04233745777088663,0.0009798739452178227,0.04135758381174958,0.024588955080379612,0.0003353725706287862,0.0003607394578664199,0.0151980587321779,0.0503196661239085,0.0329319864673459,0.04768241261658461,0.034496269796205604,0.0020014976218894675,0.019125732282797493,0.02617896556854248,0.01673054575920105,0.020772970914840698,0.012820446888605754,0.06070429086685181,0.0,1e-05,7.491640329360962,0.06070429086685181,0.05675923824310303,0.05099775642156601,0.03958349674940109
139,0.0423813013602858,0.0009978168679441771,0.04138348445944164,0.024595735351676525,0.00033575499243021983,0.00036073159730142874,0.015146451273366161,0.050352011523816895,0.033019896677654724,0.04775073314490526,0.034411297544189125,0.0006260922749837239,0.018902720908323924,0.025401182969411216,0.016587029298146566,0.020716002384821575,0.01290666898091634,,,1e-05,7.32640528678894,,,,
140,0.04231453897512477,0.0009887994016500434,0.04132573970634004,0.02458378931750422,0.000334839008839639,0.00035988167054829716,0.015276129681455053,0.05024490392078524,0.03299225972074529,0.047684812675351684,0.03438098129370938,0.0007737272757071036,0.01872307687997818,0.024938858350118002,0.016406278610229492,0.020685620307922363,0.012861550251642862,0.057855088263750076,1.0,1e-05,7.464784145355225,0.056265488266944885,0.057855088263750076,0.05250285565853119,0.03580782935023308
141,0.042258361597423966,0.0009272063275009556,0.04133115514465,0.024594139874629353,0.0003347403050967209,0.00036016498241857016,0.01522799876882978,0.05030407335447228,0.03293958354903304,0.04765452995248463,0.034426432993748916,0.000600683848063151,0.018680422504742937,0.02467057784398397,0.016448046763737997,0.020862117211023965,0.012740948200225831,,,1e-05,7.337174654006958,,,,
142,0.042219166684409844,0.0009297386024390225,0.041289428329986076,0.0245481472786354,0.00033482564258915573,0.0003598408467318539,0.015187018550932407,0.05018233783219172,0.03296025000188662,0.047575441715509995,0.0344396874146617,0.0007518457059507017,0.01857957402865092,0.024600319465001425,0.016335463921229046,0.020748023986816407,0.012634488741556803,0.05916522070765495,0.0,1e-05,7.403711557388306,0.05916522070765495,0.0581095926463604,0.05260081961750984,0.037027131766080856
143,0.042854580542315605,0.0013960613527476949,0.04145851925663326,0.024668324252833492,0.000335803908376914,0.00036055494464285994,0.015282179552899755,0.050549624730711396,0.03308825510675493,0.04765518625145373,0.03454101134253585,0.0022114832560221355,0.018972978790601093,0.02556608200073242,0.016771397590637206,0.020723389784495037,0.012831045786539713,,,1e-05,7.369394779205322,,,,
144,0.042365040792071304,0.0010375045594232886,0.041327536268078766,0.02458678939096306,0.0003348149462987709,0.00035943403718588144,0.015216457536039145,0.050290189035560776,0.03290438077048115,0.047601923184550324,0.034513653377475945,0.0007170291759349682,0.0185650505622228,0.02432308514912923,0.016541921297709147,0.020687081813812257,0.01270811398824056,0.05694391205906868,0.0,1e-05,7.459716796875,0.05694391205906868,0.05676950514316559,0.0526902936398983,0.03660837560892105
145,0.04282314686671547,0.0013510338460986056,0.041472112678963204,0.024702016588138496,0.000335401918678342,0.0003604063215037889,0.015365374193567297,0.05064876393779465,0.03310407560480678,0.04767627787330876,0.03445933321895807,0.0042173910635489005,0.01937762121359507,0.02774061441421509,0.016307528018951415,0.020962562561035156,0.012499779860178629,,,1e-05,7.3231635093688965,,,,
146,0.042585448240456375,0.001245845248416552,0.04133960345517034,0.024583379211633102,0.00033512447186259794,0.00035995743414589566,0.0151962466618937,0.05046475403334783,0.03291631303727627,0.047551723763994545,0.03442562104243299,0.0008995740396005136,0.018809514741102856,0.025254074732462564,0.01664659818013509,0.02056997577349345,0.012767410278320313,0.059332225471735,0.0,1e-05,7.419469356536865,0.059332225471735,0.05721075460314751,0.05191747844219208,0.03780042380094528
147,0.04230738981910374,0.0009618787596042713,0.04134551127967627,0.02459076055042122,0.000335095032705399,0.00035968636359978956,0.01527518378165753,0.050269987596117935,0.03303406857278036,0.047608820802491646,0.03446916968602201,0.0005042800055609809,0.01861739069223404,0.024455737272898355,0.016550410588582358,0.020831600824991862,0.012631814082463583,,,1e-05,7.391183853149414,,,,
148,0.04231796073524848,0.0009653629828750601,0.04135259791560795,0.024604286512602932,0.0003349662115594939,0.0003601138191500112,0.015205170675788237,0.05033597738846489,0.03300554896502391,0.04759401617490727,0.03447484565169915,0.001212164235998083,0.01874535371859868,0.024919909636179606,0.01662152846654256,0.02072573145230611,0.012714245319366456,0.05798330903053284,0.0,1e-05,7.425088167190552,0.05798330903053284,0.05587517097592354,0.051619768142700195,0.036681704223155975
149,0.04258585040983946,0.001212270621655752,0.04137357988435289,0.02463117857342181,0.0003348480095155537,0.0003596293934843624,0.015256102277856806,0.050340254669604095,0.033032835906614426,0.04764589651123337,0.034475329210576805,0.00034334225124782984,0.018518538177013398,0.024189604520797728,0.01652077595392863,0.020662655433019,0.012701116800308228,,,1e-05,7.375158786773682,,,,
150,0.04260804795700571,0.0010154033687127674,0.0415926442846008,0.024661921126687008,0.00033861444756874573,0.00036313203568367857,0.01536191785303147,0.0504852044193641,0.03318555693587531,0.048190945516461914,0.03450886969980986,0.0015210908677842881,0.019299165109793345,0.02611021359761556,0.01649907310803731,0.021971267859141032,0.012616105874379476,0.060523439198732376,0.0,1.0000000000000002e-06,7.430444717407227,0.060523439198732376,0.05524125322699547,0.04817841947078705,0.03575519844889641
151,0.04277781947799351,0.0012567020400994174,0.04152111741511718,0.024720075499752293,0.00033602084706375456,0.00036056961297341013,0.015321515095622643,0.05049141042906305,0.03323350158398566,0.04781973151409108,0.03453982734809751,0.0007654350563331886,0.01856723815202713,0.024211339553197226,0.016549431482950846,0.020830079714457193,0.012678101857503255,,,1.0000000000000002e-06,7.399012088775635,,,,
152,0.04236856702229251,0.0010294914245605469,0.04133907543576282,0.024588072672486305,0.000335020051115071,0.0003597406738781897,0.015233658092177433,0.05035268110425576,0.03300830422212248,0.04756951785605887,0.03442579702190731,0.001191726741084346,0.01887190560499827,0.025651369094848633,0.01635215123494466,0.02083661715189616,0.01264748493830363,0.059157732874155045,0.0,1.0000000000000002e-06,7.398303747177124,0.059157732874155045,0.054374393075704575,0.051042478531599045,0.03618301823735237
153,0.042642143595477806,0.001181838825172947,0.0414603043185628,0.0246668908259143,0.00033586828098834855,0.00036016811677457196,0.015275921024706053,0.05052218197480492,0.03302165898291961,0.0478429915788381,0.03445438635738,0.0009157053629557291,0.01877870351076126,0.024934234619140624,0.01640831470489502,0.02117833654085795,0.01259392817815145,,,1.0000000000000002e-06,7.404543399810791,,,,
154,0.042547635248173836,0.0010628336357236233,0.04148480134165805,0.02466809960163158,0.0003363340460371388,0.0003608938777292876,0.015254779475862566,0.050381466422391975,0.03314190892421681,0.04786307623852854,0.03455275540118632,0.0012909755848072193,0.018941672046979267,0.02535239299138387,0.01653208335240682,0.021270291010538737,0.012611920833587647,0.060851793736219406,0.0,1.0000000000000002e-06,7.439213991165161,0.060851793736219406,0.0554780513048172,0.049985840916633606,0.03823057562112808
155,0.04233213481695756,0.0009450091114875091,0.041387125363816384,0.024579932751215023,0.00033614384870895225,0.0003611979216499173,0.015201149467864761,0.050314182658558304,0.03296282944148001,0.04786583084775054,0.034405659560276115,0.000950187654848452,0.018987181186676024,0.02571688969930013,0.016404985189437865,0.021219990253448485,0.012606859604517618,,,1.0000000000000002e-06,7.3715455532073975,,,,
156,0.042153018972148064,0.0009306841580521153,0.041222334555957627,0.02450786757728328,0.00033428933997840983,0.0003590269416631402,0.015149427294407202,0.05015149210458216,0.03284407188387021,0.04756574770030768,0.034328026697039604,0.0017017514829282408,0.01899060835440954,0.025599636236826578,0.016521584590276084,0.020720476309458415,0.013120736281077067,0.05779002979397774,0.0,1.0000000000000002e-06,7.42758584022522,0.05779002979397774,0.05739936605095863,0.05120574310421944,0.03439544513821602
157,0.04237794212025145,0.0010208151956169825,0.041357127220734306,0.024574760914496754,0.00033564731711521745,0.00036019903390020454,0.015208438767687134,0.05027634585681169,0.03290934536768043,0.04780912561261136,0.0344336896162966,0.0016392086876763237,0.019043781459331513,0.025764405727386475,0.016733752489089967,0.020824007987976074,0.012852959632873535,,,1.0000000000000002e-06,7.414487600326538,,,,
158,0.04260546276750772,0.0011713793703719325,0.041434083457874214,0.024617672452460163,0.0003363282113518242,0.0003608358333029015,0.015249431092777977,0.05040762346723805,0.03301379554297613,0.04775597155094147,0.034558942946402924,0.0012380648295084635,0.018903218805789948,0.025394289096196492,0.01646603981653849,0.02113512595494588,0.012617420355478923,0.05988859012722969,0.0,1.0000000000000002e-06,7.413374423980713,0.05988859012722969,0.056045450270175934,0.052413392812013626,0.03610948473215103
159,0.042019070328577705,0.0008327437541953733,0.04118632654780927,0.02449741943374924,0.0003337781451156606,0.00035895864383074576,0.015129003268869026,0.05001986042960831,0.032913159417069474,0.04750798723619917,0.03430429943229841,0.0009830171373155382,0.018843518098195393,0.024846235116322835,0.01675206740697225,0.020743566354115804,0.013032203515370686,,,1.0000000000000002e-06,7.378302812576294,,,,
160,0.04240637952866762,0.0009964171508529587,0.04140996236516082,0.024656658020356426,0.00033506607819024634,0.0003597344912122935,0.015254097545276518,0.0504108021116775,0.033081004477065544,0.0476963688497958,0.034451673050289566,0.0018108300668221932,0.01872332572937012,0.025101696650187175,0.0164088503519694,0.02081271171569824,0.012570044199625652,0.05898415297269821,0.0,1.0000000000000002e-06,7.407138347625732,0.05898415297269821,0.05550025776028633,0.05036722123622894,0.03651265799999237
161,0.04221687708859858,0.0009585846324309545,0.04125829251564067,0.024536710475449978,0.00033443164379012,0.00035921980768604124,0.015171700197717419,0.05015115893405417,0.03294948358898577,0.04754174257750097,0.03439078666269779,0.0004606708385326244,0.018634344935417175,0.024322769244511922,0.016695067882537842,0.020686527093251545,0.012833015521367392,,,1.0000000000000002e-06,7.34056282043457,,,,
162,0.04216765061668728,0.0008458433465262794,0.04132180725750716,0.024568273402426555,0.0003350706715339228,0.0003597545918360676,0.015184750011109787,0.0501800913201726,0.0329346188708492,0.04763993313131125,0.03453258554572645,0.0009893613462094908,0.018565869530042012,0.024499684969584146,0.01643833041191101,0.020725131034851074,0.012600331703821818,0.05987200140953064,0.0,1.0000000000000002e-06,7.466516733169556,0.05987200140953064,0.05573100596666336,0.05078233405947685,0.03829309716820717
163,0.042110674407171166,0.0008662240326647525,0.04124445079461388,0.024494082464472107,0.0003350073517219204,0.0003599574303497439,0.01513134384446818,0.050016667855822525,0.0329982437517332,0.04762497835833093,0.034337910945000855,0.0008546194147180628,0.01888617257277171,0.02506171464920044,0.01661605437596639,0.020975603262583416,0.012891318003336589,,,1.0000000000000002e-06,7.36576247215271,,,,
164,0.04194444369362748,0.0007377758409584994,0.04120666792859202,0.02451393315973489,0.0003338546957820654,0.0003590168109993734,0.015153112456850384,0.05007183600379073,0.03292236080312211,0.047420689593190735,0.03441178539524908,0.0009484181722005208,0.018809043367703757,0.024952534039815268,0.016777801911036172,0.02071553111076355,0.012790306409200033,0.059364113956689835,0.0,1.0000000000000002e-06,7.432531833648682,0.059364113956689835,0.05523001775145531,0.05185449495911598,0.03718540444970131
165,0.04238141522459362,0.0011256524354077715,0.04125576271958973,0.024564549731819527,0.0003338242620330952,0.0003585784415127305,0.015210072266990724,0.0502849571082903,0.03286577793567077,0.047456825718931527,0.034415490358420044,0.0013047796461317274,0.018997433185577395,0.02563162366549174,0.01659898122151693,0.020803916454315185,0.012955211400985718,,,1.0000000000000002e-06,7.407954454421997,,,,
166,0.04273078299087027,0.0012893880332779625,0.04144139490697695,0.024628912625105484,0.0003362496550518857,0.0003604375815484673,0.01526437234133482,0.050454281432473144,0.03307096854500149,0.04769625158413597,0.034544080576818924,0.0013541667443734628,0.018935078680515288,0.025410354137420654,0.01671885808308919,0.02084894061088562,0.01276216189066569,0.06051114574074745,0.0,1.0000000000000002e-06,7.4006733894348145,0.06051114574074745,0.056166376918554306,0.05213354527950287,0.03966941311955452
167,0.04240967041772345,0.00107883977825227,0.04133083072045575,0.024553831423754276,0.0003355399783923412,0.00036057388111341584,0.015219939791637918,0.05035708002422167,0.03303286684272082,0.047547315125880035,0.034386059917185616,0.0020078783953631366,0.018700746099154154,0.025122211376825968,0.016418747901916504,0.02069236397743225,0.012569661140441895,,,1.0000000000000002e-06,7.376779556274414,,,,
168,0.04223180416485538,0.001003389943988346,0.04122841406775558,0.024517338156052258,0.0003342215255226778,0.0003591414298052373,0.015165910448717035,0.05016678830851679,0.03283119387924671,0.04755375647674436,0.03436191979309787,0.0005288573653609664,0.018670910596847536,0.024547077417373657,0.016585079034169514,0.020770816405614217,0.012780669530232748,0.059876177459955215,0.0,1.0000000000000002e-06,7.4392478466033936,0.059876177459955215,0.05641205608844757,0.05266386643052101,0.036751098930835724
169,0.042467358481624855,0.0011314720512651231,0.041335886425298195,0.024593487462919693,0.00033484798673864293,0.00035926432136203283,0.01523456762990226,0.05040108882214712,0.03291376923089442,0.04755452647805214,0.03447416246585224,0.001635577392578125,0.01893594155708949,0.025775333245595295,0.01650853713353475,0.020857593218485515,0.012602302630742392,,,1.0000000000000002e-06,7.371910095214844,,,,
170,0.042429252001254456,0.0012148993428918006,0.04121435271657031,0.024533899500966072,0.00033360907463761777,0.00035865624237846095,0.015186567547852579,0.050292852132216743,0.03289997610061065,0.04737176778523818,0.03429281557707683,0.001823335435655382,0.019037112593650818,0.02542134642601013,0.016721146106719972,0.02056835373242696,0.013437604109446208,0.06103236600756645,0.0,1.0000000000000002e-06,7.430047273635864,0.06103236600756645,0.05826312303543091,0.05244451388716698,0.035093098878860474
171,0.042116339115992836,0.0008393603480805683,0.04127697905768519,0.024540979091240013,0.00033472000201151747,0.0003597749923558339,0.015202948256679203,0.05014619441783946,0.032967866357901825,0.04758155297326005,0.03441230231977027,0.0005630427890353733,0.018609217007954915,0.02443161129951477,0.016482572555541992,0.020893656412760416,0.012629027764002482,,,1.0000000000000002e-06,7.388041973114014,,,,
172,0.04212685075143109,0.0008312452144151473,0.041295605671146644,0.024549883587852768,0.0003349144560912543,0.00035992979563003325,0.0151936497701251,0.05021256921084031,0.032889300795352974,0.047641543752473335,0.03443901014068852,0.0009708932099518953,0.01876999835173289,0.025226136843363445,0.016368385155995688,0.020959425767262778,0.012526045640309652,0.0583578422665596,0.0,1.0000000000000002e-06,7.430041313171387,0.0583578422665596,0.05584275722503662,0.05137142166495323,0.037053633481264114
173,0.04226717612017756,0.0010365647638378584,0.04123061198903167,0.024532702306042545,0.0003339581902685535,0.00035861960951360345,0.015172550333258898,0.05016927178139272,0.032914506271481514,0.04742953100282213,0.034409138009600014,0.0006481162318476924,0.018650808731714884,0.02456771731376648,0.0165537695089976,0.020748424530029296,0.012733323574066162,,,1.0000000000000002e-06,7.377521753311157,,,,
174,0.04245560519073321,0.0010901652554900427,0.04136543996308161,0.024636929125889488,0.0003345702299038353,0.00035959563430641657,0.015294346067568531,0.050436798483133316,0.033064425558499665,0.04753059035410052,0.03442994667136151,0.0005439904389558016,0.01874698261419932,0.02441389481226603,0.01681019941965739,0.02090626319249471,0.01285757303237915,0.055814921855926514,1.0,1.0000000000000002e-06,7.450092077255249,0.054466091096401215,0.055814921855926514,0.050711579620838165,0.03623904660344124
175,0.0426288282741671,0.001157559048252828,0.04147126930563346,0.024667485900547192,0.00033607566096496,0.0003606721293181181,0.015332431572934856,0.050440020859241486,0.03304294699236103,0.04785579718325449,0.03454630959617055,0.0013445461697048611,0.01894911487897237,0.025650578339894613,0.016406931082407632,0.02120783805847168,0.01253111203511556,,,1.0000000000000002e-06,7.404515266418457,,,,
176,0.04207390562995621,0.0009448009798728416,0.04112910479307175,0.024459840405894363,0.00033338528389678055,0.00035809057400278425,0.015100999249388342,0.04999445718915566,0.03289530588232953,0.047370162023150406,0.03425649351075939,0.0016295269436306424,0.019046397507190706,0.02540875434875488,0.01691174825032552,0.020619470675786337,0.013245616753896077,0.05720730498433113,1.0,1.0000000000000002e-06,7.452999114990234,0.057047002017498016,0.05720730498433113,0.0524447038769722,0.03635044023394585
177,0.04226891874619152,0.0010308448387228925,0.041238074069437775,0.02453913005149883,0.0003339788856227761,0.0003588268060095446,0.015216771513223648,0.050311863584362945,0.03279059833806494,0.0474363978466262,0.03441343812838844,0.000372844159161603,0.01870473841826121,0.024652005036671955,0.016536502838134765,0.020818806489308676,0.012811639308929444,,,1.0000000000000002e-06,7.41278600692749,,,,
178,0.042688112867915115,0.0012940240052083263,0.04139408906516821,0.024652561901704124,0.00033483055354419935,0.00035937410480666745,0.01529058425322823,0.05063563099373942,0.03299247400592203,0.047470210363035614,0.034478042841605515,0.0013303484316225405,0.018794529239336652,0.02545135259628296,0.016395622889200847,0.02072113355000814,0.012610007921854655,0.0602114200592041,0.0,1.0000000000000002e-06,7.493618965148926,0.0602114200592041,0.05823927000164986,0.050951968878507614,0.03655532747507095
179,0.04226910322904587,0.001056989175318133,0.041212113979070084,0.024515606624924618,0.0003339301468298325,0.00035851490911622733,0.015148591898057772,0.05016215420935465,0.032876631892893624,0.04743581670133964,0.03437385327466156,0.0016968237982855903,0.01924201468626658,0.02636826475461324,0.016875304381052652,0.020724987188975016,0.012999502420425415,,,1.0000000000000002e-06,7.402865409851074,,,,
180,0.0423991278461788,0.0010477570657436129,0.041351370837377464,0.024587367215882176,0.0003352800748594429,0.00036012369926775926,0.01521945198107025,0.05030356169394825,0.03299503287543421,0.04758238614253376,0.034524503690393074,0.0007112101519549334,0.01888034224510193,0.025325125853220623,0.016611973841985067,0.020868367354075115,0.012715901931126912,0.05658651515841484,0.0,1.0000000000000002e-06,7.418806552886963,0.05658651515841484,0.0545392669737339,0.05084492638707161,0.03683207929134369
181,0.04227686851568844,0.0010391430278895828,0.04123772583577944,0.024542576835855194,0.00033390299169063246,0.0003588050755712649,0.015249405218207317,0.050261143271041954,0.03294306232229523,0.04742724480836288,0.03431945350830969,0.0014812977261013454,0.018916857143243156,0.025490763982137045,0.016638235251108805,0.020812053680419922,0.012726375659306843,,,1.0000000000000002e-06,7.377993583679199,,,,
182,0.042314346393813256,0.0010670558435579194,0.041247290761574455,0.024524127578605778,0.00033446324801922816,0.00035903250808706105,0.01516792574978393,0.050219980108997093,0.03281163116512091,0.04751053906005362,0.03444701149735762,0.0006620176244665076,0.018730575342973073,0.024677693049112957,0.016645462512969972,0.020720703999201458,0.01287844181060791,0.058249980211257935,0.0,1.0000000000000002e-06,7.434903621673584,0.058249980211257935,0.058004625141620636,0.05348843336105347,0.0358119010925293
183,0.04224023141938707,0.0009119599898163553,0.04132827160798985,0.02460610307753086,0.000334443392879937,0.00035933462609334487,0.015231333106108334,0.05026085658565811,0.03306859002813049,0.047589993671230645,0.0343936474426933,0.0018509690602620443,0.019097960293293,0.025883991718292237,0.01665169914563497,0.021096519231796264,0.012759631077448527,,,1.0000000000000002e-06,7.334614276885986,,,,
184,0.04251297093603922,0.0011230857344344258,0.04138988515605097,0.024630884842380234,0.000335180009563413,0.00035991291034683263,0.015295957539068617,0.05045296527121378,0.03301765259517276,0.047632129134043404,0.03445679491952709,0.0005534617953830295,0.018701594471931458,0.024811058044433593,0.016504323482513426,0.02092285394668579,0.012568142414093018,0.0583135224878788,0.0,1.0000000000000002e-06,7.423629999160767,0.0583135224878788,0.05777742341160774,0.05116303637623787,0.03682946786284447
185,0.04234498269532038,0.0010259945917388668,0.0413189878606278,0.02456648987920388,0.00033504995593355727,0.00035922943346161884,0.015208508900326231,0.05032040065397387,0.03293815732974073,0.04752795754567436,0.03448943542721479,0.0008149895703351057,0.018656061291694642,0.024705273707707722,0.016589407523473102,0.020675721963246664,0.012653841972351074,,,1.0000000000000002e-06,7.365078687667847,,,,
186,0.04259432722692904,0.0011315186452323003,0.04146280852348908,0.024628811880298283,0.0003366799387351974,0.0003609476325041412,0.01524498050465532,0.05037686520296594,0.03306146630126497,0.04792667941554733,0.03448622285023979,0.0007636127613208912,0.01879944711923599,0.02486098766326904,0.016625045537948607,0.021082347631454466,0.01262940764427185,0.06006982550024986,0.0,1.0000000000000002e-06,7.4558022022247314,0.06006982550024986,0.05501340329647064,0.05019403249025345,0.036151569336652756
187,0.04205302845524705,0.00083562985958491,0.0412173990322196,0.024493256664794426,0.0003344828589394203,0.0003595515483301943,0.015150930246581202,0.050066558563190956,0.03291391459820063,0.047469289244517036,0.034419836233491485,0.00044644121947111907,0.018612141410509743,0.024527480602264406,0.016563053131103515,0.020652251640955608,0.012705780267715454,,,1.0000000000000002e-06,7.38137674331665,,,,
188,0.04305663802053617,0.0014132691443513106,0.041643368809119514,0.02473635299374228,0.0003381403158013911,0.00036156976737243974,0.015359264150585817,0.05075909764222477,0.03314050295106743,0.04808379482963811,0.03459007811287175,0.0013362859937879775,0.019081185857454934,0.025687966346740723,0.016459908485412598,0.021617249647776286,0.012559618949890137,0.06093422323465347,0.0,1.0000000000000002e-06,7.427113056182861,0.06093422323465347,0.056310344487428665,0.049233026802539825,0.037345923483371735
189,0.04224114379157191,0.0008914804038004545,0.04134966319669848,0.02457642053132472,0.0003354648588751645,0.00036010624076563704,0.015210599517044813,0.05027224674173023,0.03304686883221502,0.047575627494117485,0.03450390996168489,0.002117315928141276,0.01924478163321813,0.026690647999445597,0.016531622807184856,0.021075475613276162,0.012681380112965901,,,1.0000000000000002e-06,7.3681557178497314,,,,
190,0.04287528408610303,0.0013121416875788861,0.04156314225300499,0.024719409968542015,0.00033687465474940836,0.0003611212495066549,0.015354278416413328,0.05057956990988358,0.033172188569670136,0.04791440668961276,0.03458640481466833,0.002652144029405382,0.01916794091463089,0.026365207036336262,0.016417807737986248,0.021266507307688396,0.012622241576512655,0.05897445231676102,0.0,1.0000000000000002e-06,7.447824239730835,0.05897445231676102,0.05653778836131096,0.05193207412958145,0.03702335059642792
191,0.04234629043418428,0.0010062494282307023,0.04134004077185755,0.024598846697936886,0.00033482386852088183,0.0003592597976144727,0.015206135323514109,0.0504719491886056,0.03288461608083352,0.047528719124586685,0.03447487739765126,0.0005514780397768374,0.01866395145654678,0.02478864828745524,0.01645317753156026,0.02075149615605672,0.012662483851114908,,,1.0000000000000002e-06,7.496414422988892,,,,
192,0.042378394824007286,0.0010344544931760302,0.04134394050292347,0.024554380337181297,0.0003357912127799152,0.00036034252464204377,0.015187854635650698,0.05028623099560323,0.03292767841206944,0.047731531540984695,0.03443032260174337,0.003905608226634838,0.019171664317448933,0.026847043832143147,0.016575260957082113,0.020545876820882162,0.012718475659688314,0.058126844465732574,0.0,1.0000000000000002e-06,7.4586780071258545,0.058126844465732574,0.0576070174574852,0.0512876994907856,0.03436894714832306
193,0.04238222409849581,0.0011677228359748488,0.041214501242274826,0.02452031749746074,0.0003338836794010485,0.00035826999785216606,0.015202031713788923,0.05024435954249423,0.032859114930033684,0.04742264018758484,0.03433189022800197,0.0018384610776548032,0.019535780847072602,0.026948730150858562,0.01660400390625,0.021253264745076498,0.013337124586105347,,,1.0000000000000002e-06,7.4218831062316895,,,,
194,0.04239920753499736,0.0011044361694391978,0.041294771530058075,0.024558783306375793,0.0003347197413424273,0.00035920757142341006,0.01522557303795348,0.05024977870609449,0.033028226831684944,0.04750260597337847,0.03439847153166066,0.0006386623241283275,0.01854300856590271,0.024239869515101115,0.016450815200805664,0.020782779455184936,0.012698570092519124,0.05750506743788719,0.0,1.0000000000000002e-06,7.448013782501221,0.05750506743788719,0.056805506348609924,0.05154930427670479,0.036358222365379333
195,0.04233984422424565,0.0010495943374142212,0.04129024951354317,0.02454685589865498,0.00033486787604330027,0.0003593247902640344,0.015180901138354902,0.05018347048241159,0.03297324948336767,0.047550215183392815,0.03445406598241433,0.0005163341239646629,0.01866263469060262,0.024299225409825643,0.016795158783594766,0.02067775805791219,0.012878396511077882,,,1.0000000000000002e-06,7.39726185798645,,,,
196,0.042404451447984444,0.001008878355724332,0.04139557318842929,0.024567656704913014,0.0003365583353392456,0.0003609178099356106,0.015209160623667032,0.050304112874943276,0.032961210316937904,0.047792238709719284,0.034524732309839,0.00044168695520471643,0.018705901801586152,0.024412724177042645,0.01658854842185974,0.021198323567708333,0.012624011039733887,0.05783151462674141,0.0,1.0000000000000002e-06,7.44970440864563,0.05783151462674141,0.05659683048725128,0.047589920461177826,0.036781005561351776
197,0.04230217149724131,0.0010031056286686141,0.04129906549401905,0.024552367060728695,0.0003349339784345711,0.00035972290029546815,0.015187278875838156,0.050224950618070106,0.03296374432418658,0.047606600367504616,0.03440096869092921,0.0008423495257342303,0.018798590699831644,0.02487395683924357,0.016735103130340576,0.020789818763732912,0.012795484066009522,,,1.0000000000000002e-06,7.408005237579346,,,,
198,0.042052937590557594,0.0008730053200649664,0.04117993216799653,0.02448260265847911,0.0003339465993517281,0.0003586581898043337,0.015140315679752308,0.050036677847737854,0.032851450469182884,0.047532268192457115,0.03429933467313,0.000831772768938983,0.01860736588637034,0.024185505708058674,0.01675807237625122,0.020644466082255047,0.012841419378916422,0.05820370838046074,0.0,1.0000000000000002e-06,7.449396371841431,0.05820370838046074,0.05755026265978813,0.051641009747982025,0.036007173359394073
199,0.04237875390959823,0.0010779792944009862,0.041300774592420327,0.02455060013934322,0.00033500347458555,0.0003597593382912,0.01521213676618493,0.05028049583020418,0.032962575473863144,0.04760306182762851,0.0343569637802632,0.0007002155021384911,0.01882899741331736,0.025370158751805625,0.01648962378501892,0.02083258310953776,0.012623624006907145,,,1.0000000000000002e-06,7.41606593132019,,,,
