split,잡음,분절수,잡음원본_구간,SNR_중앙,SNR_최소,SNR_최대,배율a_중앙,배율a_최소,배율a_최대,원본시작_최소,원본시작_최대
val,bw,900,뒤 30% (val·test 전용),6.3106,0.0021,11.9841,0.5379,0.0279,6.5264,455308,646364
val,ma,900,뒤 30% (val·test 전용),6.2644,0.0011,11.9964,0.6978,0.1365,7.5517,455191,646319
val,em,900,뒤 30% (val·test 전용),6.2516,0.0094,11.9998,0.1755,0.0413,1.2113,455487,646344
test,bw,1620,뒤 30% (val·test 전용),6.1956,0.0109,11.9952,0.5828,0.0351,7.8042,455021,646190
test,ma,1620,뒤 30% (val·test 전용),6.1584,0.0237,11.999,0.8067,0.1668,27.8967,455051,646386
test,em,1620,뒤 30% (val·test 전용),5.8205,0.0156,11.9909,0.2144,0.051,1.3168,455089,646297
train,bw,5760,앞 70% (train 전용),5.8567,0.0003,11.9984,0.5429,0.0257,6.8711,102,451287
train,ma,5760,앞 70% (train 전용),6.0126,0.0015,11.9996,1.055,0.0702,19.7734,77,451287
train,em,5760,앞 70% (train 전용),6.0502,0.0003,11.9994,0.2515,0.0339,2.2456,51,451276
