epoch,train_total,train_recon,train_mixing,train_zero_recon,train_z_l2,val_recon,val_separation,sep_base,n_dup,tops,clean_max_corr,max_pair_corr,min_energy_ratio,n_dead,lr,sec,corr_e0_x_clean,corr_e1_x_clean,corr_e2_x_clean,corr_e3_x_clean,corr_e4_x_clean,corr_e5_x_clean,corr_e6_x_clean,corr_e7_x_clean,corr_e0_bw,corr_e1_bw,corr_e2_bw,corr_e3_bw,corr_e4_bw,corr_e5_bw,corr_e6_bw,corr_e7_bw,corr_e0_ma,corr_e1_ma,corr_e2_ma,corr_e3_ma,corr_e4_ma,corr_e5_ma,corr_e6_ma,corr_e7_ma,corr_e0_em,corr_e1_em,corr_e2_em,corr_e3_em,corr_e4_em,corr_e5_em,corr_e6_em,corr_e7_em
1,0.39619368055592413,0.3443711050178694,3.573545404102491,0.1396974447770449,1.4690150592638098,0.1691210824471933,0.09357042312622071,0.3935704231262207,2,222,0.1141791045665741,0.4416324198246002,0.0484396331012249,0,0.001,4.6770265102386475,0.10028452426195145,0.09263520687818527,0.1141791045665741,0.08748077601194382,0.08751264959573746,0.09180948883295059,0.09000705182552338,0.0885959193110466,0.41904786229133606,0.37858808040618896,0.5429556965827942,0.4155358076095581,0.3476279675960541,0.3887094557285309,0.35587844252586365,0.37349843978881836,0.3537076711654663,0.30819234251976013,0.38988053798675537,0.2997828423976898,0.28446251153945923,0.31909140944480896,0.3074128329753876,0.3048999011516571,0.21641458570957184,0.19554832577705383,0.24787506461143494,0.21827661991119385,0.18767181038856506,0.20679670572280884,0.1843813806772232,0.20630566775798798
2,0.25300389528274536,0.2100475540627604,3.550687022831129,0.03276161451408963,0.7121857093728107,0.13480887405960648,0.12629054188728334,0.4262905418872833,2,222,0.12142598628997803,0.5859676003456116,0.0053809648379683495,2,0.001,4.3900792598724365,0.0986066684126854,0.10241202265024185,0.12142598628997803,0.09718877077102661,0.08707453310489655,0.09702714532613754,0.09210477769374847,0.08862555027008057,0.4201996326446533,0.4074857234954834,0.5784996151924133,0.4537012279033661,0.3604271113872528,0.41586530208587646,0.44652703404426575,0.4129323661327362,0.3685644268989563,0.312441885471344,0.44075238704681396,0.3512808084487915,0.314574658870697,0.38218066096305847,0.36931049823760986,0.3512517511844635,0.21715813875198364,0.1972305178642273,0.2596195638179779,0.20688427984714508,0.1996040791273117,0.2074064165353775,0.20799633860588074,0.20296873152256012
3,0.23272986386133276,0.19418081187683603,3.4652233538420303,0.005514534902708281,0.3841673187587572,0.14789718062789353,0.12471805214881898,0.42471805214881897,2,222,0.12367592751979828,0.5682232975959778,0.03725568205118179,0,0.001,4.284141540527344,0.0886109471321106,0.0942169576883316,0.12367592751979828,0.10191839933395386,0.08465022593736649,0.10319831967353821,0.08657828718423843,0.08793387562036514,0.34272196888923645,0.35125353932380676,0.576153576374054,0.4108320474624634,0.3371158838272095,0.40177711844444275,0.40667325258255005,0.3508935868740082,0.32424378395080566,0.2946755588054657,0.44018620252609253,0.35245904326438904,0.2840672433376312,0.36071521043777466,0.3496990203857422,0.32827645540237427,0.17997859418392181,0.1850268840789795,0.25781434774398804,0.19862407445907593,0.1873631477355957,0.2001686990261078,0.1930040717124939,0.19089475274085999
4,0.22226694614990897,0.18582401780978494,3.361326300579569,0.016691699968246015,0.2662749828203865,0.12351397252965857,0.14191324710845948,0.4419132471084595,2,222,0.12282883375883102,0.6467311382293701,0.05632343888282776,0,0.001,4.3428590297698975,0.09116378426551819,0.09575897455215454,0.12282883375883102,0.0916929766535759,0.08507761359214783,0.10767077654600143,0.09124601632356644,0.08882874995470047,0.35402750968933105,0.3325815498828888,0.5961973667144775,0.33296552300453186,0.300129234790802,0.3485138714313507,0.3698548972606659,0.37250182032585144,0.3318232595920563,0.2880922555923462,0.46101394295692444,0.31063956022262573,0.2562073767185211,0.32586225867271423,0.3416547179222107,0.34220558404922485,0.18445847928524017,0.18081600964069366,0.26852846145629883,0.18119050562381744,0.17337138950824738,0.1821897029876709,0.17833483219146729,0.18642175197601318
5,0.21798346742339755,0.1832327479901521,3.244133576102879,0.01692088376528219,0.21401741193688434,0.1210399486400463,0.13305817246437074,0.4330581724643707,2,222,0.13087278604507446,0.6647009253501892,0.08256248384714127,0,0.001,4.272610187530518,0.08841864764690399,0.09637439250946045,0.12314695864915848,0.09415164589881897,0.08082568645477295,0.13087278604507446,0.08945312350988388,0.09075606614351273,0.3441440761089325,0.349062442779541,0.5797557830810547,0.2164035141468048,0.26204684376716614,0.34738385677337646,0.3797138035297394,0.3503894805908203,0.3105553388595581,0.2976718544960022,0.4566097557544708,0.20480166375637054,0.22894154489040375,0.31265556812286377,0.33075442910194397,0.33050715923309326,0.17862895131111145,0.18053336441516876,0.26280900835990906,0.25241032242774963,0.15893781185150146,0.2066885232925415,0.18884260952472687,0.18120066821575165
6,0.1997939179772916,0.16620511270087698,3.141386260157046,0.011023443042928271,0.2064710330703984,0.11057181916413483,0.3119476497173309,0.46194764971733093,1,223,0.13880588114261627,0.6127184629440308,0.0017104641301557422,3,0.001,4.277985334396362,0.08446860313415527,0.09566598385572433,0.12547120451927185,0.09465732425451279,0.07775183767080307,0.13880588114261627,0.08582992851734161,0.08999697864055634,0.330112099647522,0.35512134432792664,0.5970193147659302,0.15958990156650543,0.25737693905830383,0.3701436221599579,0.3910311460494995,0.3423762917518616,0.31531867384910583,0.3101826608181,0.4760589301586151,0.15484978258609772,0.21363931894302368,0.3273833096027374,0.3287948966026306,0.3349766731262207,0.18234114348888397,0.18345177173614502,0.2707063555717468,0.3127646744251251,0.1543658971786499,0.2628251314163208,0.19383478164672852,0.1879718005657196
7,0.1916656416395436,0.15964091860729715,3.0231717565785283,0.0019964015518780798,0.1773039990145227,0.10607980685763889,0.3098361551761627,0.4598361551761627,1,223,0.14221477508544922,0.5434876680374146,0.009205988608300686,1,0.001,4.2740418910980225,0.08788453042507172,0.09891773015260696,0.12614208459854126,0.12536610662937164,0.07675023376941681,0.14221477508544922,0.08834680914878845,0.09631962329149246,0.37423065304756165,0.34426388144493103,0.5986218452453613,0.1341496855020523,0.262880802154541,0.33885103464126587,0.4319978356361389,0.34660574793815613,0.3494803309440613,0.30631694197654724,0.4744706153869629,0.14464811980724335,0.22901302576065063,0.30257776379585266,0.35659730434417725,0.35327744483947754,0.20114296674728394,0.18330055475234985,0.2718041241168976,0.30641600489616394,0.16212770342826843,0.27131062746047974,0.21045170724391937,0.19444312155246735
8,0.18934128336284473,0.1583433740812799,2.915282850680144,0.010105105709163066,0.17440315886684085,0.10583093713831018,0.3103440761566162,0.4603440761566162,1,223,0.13835178315639496,0.5866068601608276,0.02610979788005352,0,0.001,4.293349266052246,0.08696223050355911,0.0965631976723671,0.1258150339126587,0.1348000019788742,0.08001958578824997,0.13835178315639496,0.08825485408306122,0.1011682078242302,0.41453641653060913,0.36647048592567444,0.5988525152206421,0.14555487036705017,0.2915518581867218,0.3446049690246582,0.43766605854034424,0.3724997937679291,0.3698034882545471,0.3274693489074707,0.4771000146865845,0.14864708483219147,0.2529996335506439,0.29895392060279846,0.3527853190898895,0.37592750787734985,0.2119864672422409,0.1839548647403717,0.27339139580726624,0.30507972836494446,0.1708379089832306,0.27676042914390564,0.21738937497138977,0.21109142899513245
9,0.17892504321492236,0.14922617958939594,2.8089187145233154,0.000981032702839002,0.15998638648053873,0.09923405626085069,0.3176948487758636,0.46769484877586365,1,223,0.144698366522789,0.5679572820663452,0.006105090957134962,1,0.001,4.412898302078247,0.09034841507673264,0.09691289067268372,0.12567223608493805,0.144698366522789,0.0746668130159378,0.13580824434757233,0.08544266223907471,0.09961343556642532,0.41715726256370544,0.35080185532569885,0.6046350002288818,0.10208424180746078,0.2715250849723816,0.29354017972946167,0.4399101734161377,0.3509915769100189,0.3745657801628113,0.31763312220573425,0.48051589727401733,0.12301769852638245,0.2348807156085968,0.2758692800998688,0.3539467751979828,0.3560584783554077,0.21059319376945496,0.18536297976970673,0.2757296562194824,0.3179335296154022,0.16566462814807892,0.28478458523750305,0.21648526191711426,0.20194882154464722
10,0.17006674344125,0.1415298587602118,2.703626643056455,0.001033362618055316,0.1490284943062326,0.09530108529550058,0.3063086926937103,0.4563086926937103,1,223,0.20679450035095215,0.5574893951416016,0.004605100955814123,1,0.001,4.348547697067261,0.08246761560440063,0.09658435732126236,0.12532532215118408,0.20679450035095215,0.0769541934132576,0.12177281081676483,0.0857887864112854,0.09804978221654892,0.37594982981681824,0.37406593561172485,0.6042320132255554,0.11720070242881775,0.2973198890686035,0.22762449085712433,0.4487859010696411,0.36835312843322754,0.3523375689983368,0.3348669111728668,0.4810408651828766,0.11724970489740372,0.24587252736091614,0.2368544042110443,0.35167843103408813,0.3382943272590637,0.19795629382133484,0.18920518457889557,0.2754669487476349,0.2836531400680542,0.16479729115962982,0.2544180750846863,0.21420753002166748,0.19665218889713287
11,0.15927473228910696,0.13141683974991675,2.6179247628087583,0.002052725115588502,0.16581195852030878,0.09182043117947049,0.3000690698623657,0.4500690698623657,1,225,0.23562438786029816,0.5494993329048157,0.025797422975301743,0,0.001,4.283523797988892,0.08806897699832916,0.09734461456537247,0.12556007504463196,0.23562438786029816,0.08716564625501633,0.106776662170887,0.08687260746955872,0.09030802547931671,0.41554275155067444,0.3746468126773834,0.5969962477684021,0.1395874172449112,0.3623995780944824,0.15485066175460815,0.43484896421432495,0.33368852734565735,0.3797883093357086,0.3400254547595978,0.4743935465812683,0.1268867403268814,0.3082199692726135,0.1767004430294037,0.33701691031455994,0.3096592426300049,0.20934471487998962,0.18951523303985596,0.27234557271003723,0.2505473494529724,0.18940751254558563,0.27881738543510437,0.21264198422431946,0.18762867152690887
12,0.14729224145412445,0.12001832315455312,2.551173614419025,0.00148584584657447,0.17473230737706888,0.08670345730251736,0.3126270234584808,0.46262702345848083,1,225,0.2675153911113739,0.5578398108482361,0.0007847828092053533,3,0.001,4.2798309326171875,0.08586955070495605,0.09216606616973877,0.12679049372673035,0.2675153911113739,0.07463566213846207,0.11437413841485977,0.08618693798780441,0.09783861041069031,0.3818410038948059,0.35938113927841187,0.6048089861869812,0.1282196193933487,0.3099306523799896,0.1388232558965683,0.44362565875053406,0.36788231134414673,0.36371907591819763,0.33451712131500244,0.4824780225753784,0.11399900913238525,0.2525114417076111,0.17157723009586334,0.348623663187027,0.35050836205482483,0.19918018579483032,0.18953298032283783,0.274325430393219,0.1949772983789444,0.17336146533489227,0.30059415102005005,0.2191554605960846,0.19918470084667206
13,0.1401765210473019,0.11362849078748537,2.486423627189968,0.0008159116867160344,0.16756342157073642,0.08248509611906829,0.3105481922626495,0.46054819226264954,1,225,0.3306554853916168,0.5235339403152466,0.005080732516944408,2,0.001,4.277056694030762,0.08983262628316879,0.10154788196086884,0.12533314526081085,0.3306554853916168,0.08238128572702408,0.11764950305223465,0.08336514234542847,0.0982750803232193,0.3987709581851959,0.3853505849838257,0.6018972396850586,0.09755349904298782,0.2948903441429138,0.13133776187896729,0.42234525084495544,0.3091714680194855,0.37866121530532837,0.3498568534851074,0.47439420223236084,0.09082024544477463,0.2695448100566864,0.15594705939292908,0.328238308429718,0.3196578025817871,0.2061147838830948,0.19212836027145386,0.2727836072444916,0.19394239783287048,0.17995567619800568,0.30535319447517395,0.21943563222885132,0.19235734641551971
14,0.13107601941927619,0.1051241943369741,2.4250461122264033,0.0011602096195059382,0.168976336069729,0.07655419695818866,0.3220816314220428,0.47208163142204285,1,225,0.362842857837677,0.521109938621521,0.00480562262237072,1,0.001,4.3511803150177,0.08575285226106644,0.09200139343738556,0.12707392871379852,0.362842857837677,0.07929050177335739,0.12666001915931702,0.0871715396642685,0.09212838113307953,0.3746885657310486,0.33038225769996643,0.6021876335144043,0.12362781167030334,0.3095983862876892,0.12275432795286179,0.40650367736816406,0.30811309814453125,0.363459974527359,0.3052019476890564,0.48936590552330017,0.11217128485441208,0.26353543996810913,0.15729960799217224,0.3351838290691376,0.3065466284751892,0.1993291825056076,0.1779492348432541,0.2746447026729584,0.19671399891376495,0.17669913172721863,0.3246912956237793,0.22451354563236237,0.18853139877319336
15,0.12549911309843478,0.10025200312552245,2.3624256175497305,0.00030329314018751535,0.16198235750198364,0.07350573165328414,0.3119915187358856,0.4619915187358856,1,225,0.42580458521842957,0.5650380849838257,0.0008264657226391137,4,0.001,4.342750310897827,0.09193259477615356,0.08658909797668457,0.12686628103256226,0.42580458521842957,0.08074044436216354,0.12663409113883972,0.08986479789018631,0.09272448718547821,0.418692409992218,0.32547324895858765,0.5962507724761963,0.1040726974606514,0.31131991744041443,0.1281294971704483,0.41148966550827026,0.2953157424926758,0.39664119482040405,0.3038499355316162,0.4835869073867798,0.1002119928598404,0.2580788731575012,0.15188424289226532,0.33107441663742065,0.3028194308280945,0.2115294188261032,0.17593714594841003,0.2713185250759125,0.14468196034431458,0.17942896485328674,0.3061368465423584,0.2236000895500183,0.18104542791843414
16,0.12152314186096191,0.09671708649915198,2.309200774068418,0.0016072714054683709,0.1697974716839583,0.06961638387044271,0.3111944258213043,0.4611944258213043,1,225,0.43436408042907715,0.525499701499939,0.0070390705950558186,1,0.001,4.3111371994018555,0.09083367139101028,0.08821335434913635,0.12758669257164001,0.43436408042907715,0.07451122999191284,0.12946052849292755,0.08810636401176453,0.10762696713209152,0.38016316294670105,0.360794335603714,0.6029323935508728,0.10253185033798218,0.25178536772727966,0.14072173833847046,0.42470571398735046,0.3327783942222595,0.36864277720451355,0.3307226002216339,0.48725080490112305,0.09674981981515884,0.2140965312719345,0.1503245085477829,0.3420846462249756,0.32337984442710876,0.20001406967639923,0.182770237326622,0.27367621660232544,0.1498829871416092,0.15413017570972443,0.29339998960494995,0.21861618757247925,0.19812923669815063
17,0.11644461977740993,0.09210237148015396,2.2625985663870107,0.0019147776060297315,0.16971156260241632,0.0662332175925926,0.31477720141410825,0.4647772014141083,1,225,0.4540698230266571,0.5340441465377808,0.0008799060597084463,4,0.001,4.393308877944946,0.0899738073348999,0.08993426710367203,0.125921830534935,0.4540698230266571,0.07422853261232376,0.13149896264076233,0.08683747798204422,0.09965143352746964,0.3784371316432953,0.3536807596683502,0.6100507378578186,0.12939180433750153,0.2841009795665741,0.1577983945608139,0.41760149598121643,0.33567115664482117,0.36139509081840515,0.31413131952285767,0.48380565643310547,0.11532489210367203,0.2356247901916504,0.1624683439731598,0.33492085337638855,0.3298679292201996,0.19684235751628876,0.18098759651184082,0.2760424017906189,0.12558870017528534,0.15951915085315704,0.30047523975372314,0.21583762764930725,0.1972230225801468
18,0.1172881142600723,0.09334467383830444,2.2202087070630943,0.0023808359088118027,0.17175455067468726,0.06980092479564526,0.30826947689056394,0.45826947689056396,1,225,0.46683448553085327,0.5240410566329956,0.007510526571422815,1,0.001,4.350401163101196,0.08539967238903046,0.09315872192382812,0.12579821050167084,0.46683448553085327,0.0770624577999115,0.12904973328113556,0.08878292143344879,0.09649597853422165,0.37500691413879395,0.36942172050476074,0.5977444052696228,0.10736481845378876,0.2867441773414612,0.13742007315158844,0.42456886172294617,0.3112538754940033,0.3573903441429138,0.3279598355293274,0.47184714674949646,0.09544170647859573,0.24968402087688446,0.14301273226737976,0.3330548405647278,0.3061167001724243,0.1989227533340454,0.18338322639465332,0.2734341025352478,0.10778819024562836,0.16434451937675476,0.305216908454895,0.22094972431659698,0.19250699877738953
19,0.11523229434438374,0.09156164688908536,2.18729045080102,0.0017855714262544136,0.17798870218836743,0.0729189102737992,0.31867355704307554,0.46867355704307556,1,225,0.448824405670166,0.5255789756774902,0.0020070411264896393,4,0.001,4.271668195724487,0.0903279110789299,0.08528494834899902,0.12750568985939026,0.448824405670166,0.07265693694353104,0.13554875552654266,0.08866938948631287,0.1042320504784584,0.3918067514896393,0.33386290073394775,0.6066526770591736,0.09255022555589676,0.2790043354034424,0.13076992332935333,0.37045493721961975,0.2817060947418213,0.374431312084198,0.3023494780063629,0.48791059851646423,0.08380214124917984,0.2478179782629013,0.14164043962955475,0.30834904313087463,0.28331780433654785,0.20125111937522888,0.170943945646286,0.2758079469203949,0.11367989331483841,0.16980642080307007,0.31145745515823364,0.21703287959098816,0.18170858919620514
20,0.10772666302712067,0.08452638465425243,2.1488427597543467,0.0005588394744098996,0.1706263552541318,0.05891358100043403,0.31737384796142576,0.4673738479614258,1,225,0.5242040157318115,0.5126895904541016,0.0003091687394771725,4,0.001,4.29653787612915,0.09175094962120056,0.08946426957845688,0.12780076265335083,0.5242040157318115,0.07068932056427002,0.13783006370067596,0.08735854178667068,0.10543721169233322,0.3874959647655487,0.3416525721549988,0.6027666330337524,0.0825166180729866,0.2644806504249573,0.12595053017139435,0.3689288794994354,0.2671077847480774,0.36763498187065125,0.31475329399108887,0.48595130443573,0.07389306277036667,0.2111639678478241,0.13497962057590485,0.29539036750793457,0.26136860251426697,0.20372644066810608,0.17969731986522675,0.2754420340061188,0.10441213846206665,0.16655609011650085,0.3134036064147949,0.2271699458360672,0.18543638288974762
21,0.10346322992573613,0.08068469976601393,2.1087315186210303,0.000792006673810133,0.16832956866077756,0.06288113290292245,0.32109773755073545,0.4710977375507355,1,225,0.5497466921806335,0.5134685635566711,0.002899999963119626,1,0.001,4.314828157424927,0.0872030034661293,0.08932840079069138,0.1276453286409378,0.5497466921806335,0.07585088163614273,0.13584937155246735,0.08658833801746368,0.09919965267181396,0.3848448097705841,0.3652952015399933,0.6087154150009155,0.07168671488761902,0.24418434500694275,0.11922496557235718,0.3958793580532074,0.2763518691062927,0.35431796312332153,0.32530227303504944,0.48763415217399597,0.06436479091644287,0.21662592887878418,0.12401558458805084,0.3135225474834442,0.25944578647613525,0.20419742166996002,0.18115052580833435,0.27558204531669617,0.09082452207803726,0.1438925564289093,0.3169436454772949,0.22702988982200623,0.18966305255889893
22,0.09622086940900139,0.07381906198418658,2.0713268259297246,0.0005558468376124358,0.16829812461915222,0.054502383761935766,0.3245620787143707,0.4745620787143707,1,225,0.5818395614624023,0.5399401783943176,0.00028025012579746544,4,0.001,4.34101676940918,0.0902940034866333,0.08639560639858246,0.12851442396640778,0.5818395614624023,0.07154519110918045,0.14092867076396942,0.08877801895141602,0.10356193035840988,0.34983205795288086,0.30341836810112,0.6062695384025574,0.0648316815495491,0.24135491251945496,0.11429756879806519,0.35980892181396484,0.21081292629241943,0.33303341269493103,0.28690478205680847,0.4919110834598541,0.056821309030056,0.20030896365642548,0.11863506585359573,0.29640862345695496,0.2077069729566574,0.1955612301826477,0.1628025621175766,0.27633392810821533,0.07902559638023376,0.14166298508644104,0.32550564408302307,0.2346440702676773,0.1646203100681305
23,0.09391025065079979,0.07197674169488576,2.031597427699877,0.00023652455274714157,0.16151700978693756,0.056880079481336804,0.32379007935523985,0.47379007935523987,1,225,0.6034947633743286,0.5288654565811157,0.00034918743767775595,3,0.001,4.287181615829468,0.09527983516454697,0.0869702622294426,0.13034771382808685,0.6034947633743286,0.07884204387664795,0.14290381968021393,0.09131937474012375,0.11560998857021332,0.3929014801979065,0.3273555040359497,0.6009072065353394,0.041790254414081573,0.2357385754585266,0.11006814986467361,0.3849499821662903,0.26541221141815186,0.36312806606292725,0.305022269487381,0.49509182572364807,0.03871086239814758,0.1962129920721054,0.11103834956884384,0.3075886368751526,0.2414606213569641,0.21518445014953613,0.17515702545642853,0.2765401005744934,0.0620928555727005,0.14993995428085327,0.32537123560905457,0.2447337806224823,0.18799065053462982
24,0.09413455232329991,0.07250301523701004,1.9990653784378716,0.0003741674448500144,0.16371410113313925,0.05243197970920139,0.3239440381526947,0.4739440381526947,1,225,0.6056696772575378,0.46713659167289734,0.001406051218509674,4,0.001,4.369639158248901,0.09013938158750534,0.0843835175037384,0.13019974529743195,0.6056696772575378,0.07374566793441772,0.145634263753891,0.09091290831565857,0.12032020092010498,0.31214848160743713,0.28330886363983154,0.5967610478401184,0.07187501341104507,0.2481970191001892,0.1110326498746872,0.36512166261672974,0.2066454440355301,0.3149709403514862,0.2667280435562134,0.4921749234199524,0.05846061185002327,0.20090338587760925,0.11423324793577194,0.29760056734085083,0.19780433177947998,0.20164962112903595,0.15649595856666565,0.2767798900604248,0.06763461977243423,0.15492017567157745,0.3328961133956909,0.24247345328330994,0.16998809576034546
25,0.09414463846579842,0.0727268940080767,1.974510291348333,0.0008068705330673686,0.16645726043245065,0.05665446302625868,0.3222338020801544,0.4722338020801544,1,225,0.6104661226272583,0.4555642008781433,0.0023112394846975803,3,0.001,4.352224826812744,0.08872785419225693,0.08710823208093643,0.13003575801849365,0.6104661226272583,0.07176931947469711,0.14102603495121002,0.08644601702690125,0.11440381407737732,0.36111342906951904,0.3098597526550293,0.5981848239898682,0.060350898653268814,0.17780736088752747,0.12395493686199188,0.34638723731040955,0.21661172807216644,0.33107927441596985,0.28285184502601624,0.4848092198371887,0.049435097724199295,0.15117375552654266,0.11918133497238159,0.2686123847961426,0.19879013299942017,0.2105553299188614,0.17290371656417847,0.27743545174598694,0.06126018986105919,0.12388323992490768,0.33370742201805115,0.23074369132518768,0.15811468660831451
26,0.09218202758094539,0.07096927402460057,1.9502973660178806,0.000423239604456087,0.17055470140083975,0.04845783374927662,0.32861012816429136,0.4786101281642914,1,225,0.5903272032737732,0.4839971661567688,0.0004919841885566711,4,0.001,4.313288450241089,0.09099706262350082,0.0818101242184639,0.13016639649868011,0.5903272032737732,0.07631640881299973,0.14649666845798492,0.0902218371629715,0.10501142591238022,0.36973151564598083,0.3064540922641754,0.6021044850349426,0.05802807956933975,0.2161923199892044,0.11074399948120117,0.37780624628067017,0.22685706615447998,0.3401804566383362,0.268177330493927,0.49103546142578125,0.046619754284620285,0.19198332726955414,0.11213776469230652,0.2988111674785614,0.20984241366386414,0.21613803505897522,0.1701795607805252,0.2787403166294098,0.057952795177698135,0.13865795731544495,0.3426904082298279,0.24364081025123596,0.16267628967761993
27,0.09130556168763534,0.0703855330205482,1.9245902921842493,0.0009369915132992901,0.16647570288699606,0.05114555528428819,0.32695103287696836,0.4769510328769684,1,225,0.5800459384918213,0.4973624646663666,0.0013804063200950623,2,0.001,4.288880825042725,0.0920666977763176,0.08822201192378998,0.13032789528369904,0.5800459384918213,0.07918886095285416,0.1433178335428238,0.08830166608095169,0.11182113736867905,0.37513095140457153,0.36063361167907715,0.6037862300872803,0.08703510463237762,0.2613457441329956,0.12043046206235886,0.38327696919441223,0.2823689579963684,0.3451695144176483,0.32981637120246887,0.49194714426994324,0.07210886478424072,0.20901194214820862,0.11864733695983887,0.29544875025749207,0.23823091387748718,0.2154095470905304,0.18779093027114868,0.27930644154548645,0.066981241106987,0.1597946435213089,0.3351197838783264,0.24229121208190918,0.1759784072637558
28,0.08403938652380653,0.06335943273228148,1.8998733188795007,0.0001961906410819527,0.16792591887971628,0.045935774626555265,0.3327180802822113,0.4827180802822113,1,225,0.6232450604438782,0.5171154737472534,0.001352621358819306,2,0.001,4.304509878158569,0.09333410114049911,0.08519038558006287,0.13068130612373352,0.6232450604438782,0.08438656479120255,0.14801310002803802,0.09237862378358841,0.10765784233808517,0.37379375100135803,0.33507800102233887,0.6002966165542603,0.04648778960108757,0.2598835825920105,0.10748456418514252,0.39783552289009094,0.237465038895607,0.34653788805007935,0.3049747943878174,0.49251219630241394,0.04051210731267929,0.22054347395896912,0.11416888982057571,0.3097027540206909,0.20203067362308502,0.22344833612442017,0.18357163667678833,0.2786886394023895,0.04848805069923401,0.1636407971382141,0.35534539818763733,0.2458285540342331,0.15747030079364777
29,0.08341737221116605,0.06304676749784013,1.872703915056975,0.00021304105504658884,0.16414361155551413,0.05914494945384838,0.3305549383163452,0.4805549383163452,1,225,0.6012616157531738,0.47815531492233276,0.00204715714789927,3,0.001,4.289772987365723,0.09485744684934616,0.08335985243320465,0.13193944096565247,0.6012616157531738,0.08181891590356827,0.1551341712474823,0.09272109717130661,0.10453672707080841,0.35678935050964355,0.30487576127052307,0.5996161103248596,0.054027557373046875,0.20959004759788513,0.10672149062156677,0.34833449125289917,0.22289018332958221,0.34057462215423584,0.27977997064590454,0.49210551381111145,0.04641733318567276,0.17992691695690155,0.11079447716474533,0.276839017868042,0.19320067763328552,0.21737149357795715,0.1642080396413803,0.2801137864589691,0.05559118837118149,0.14822286367416382,0.3499431908130646,0.2483665943145752,0.1508924663066864
30,0.07880989656500194,0.05866817109610723,1.8500910323599111,0.0008008633246746562,0.16328051686286926,0.046507057472511576,0.3261002957820892,0.47610029578208923,1,225,0.6103935241699219,0.4862559735774994,0.0015019286656752229,3,0.001,4.306051731109619,0.09870222955942154,0.08430862426757812,0.1317976415157318,0.6103935241699219,0.0783243477344513,0.15115243196487427,0.09062211215496063,0.10716302692890167,0.35042625665664673,0.3023926019668579,0.5940842032432556,0.05605481564998627,0.15882398188114166,0.10467047989368439,0.36026692390441895,0.1539328396320343,0.33489713072776794,0.28925275802612305,0.49015340209007263,0.04685340076684952,0.1323980689048767,0.10944872349500656,0.28110575675964355,0.13502080738544464,0.21640391647815704,0.16783832013607025,0.2788713872432709,0.05261218547821045,0.14375393092632294,0.3440632224082947,0.2450689971446991,0.13344207406044006
31,0.07616606808227042,0.05629058668146963,1.825947025547857,0.0003720533631681262,0.1612290629874105,0.040670617562753184,0.33522588610649107,0.4852258861064911,1,225,0.6417436003684998,0.47118133306503296,0.004085216671228409,2,0.001,4.322563886642456,0.09623366594314575,0.08634458482265472,0.13185124099254608,0.6417436003684998,0.08676652610301971,0.15594418346881866,0.094209223985672,0.10149776190519333,0.3500284254550934,0.3447876572608948,0.5970810055732727,0.052540019154548645,0.17368744313716888,0.1066172868013382,0.3336555063724518,0.21854478120803833,0.32970649003982544,0.3065170347690582,0.4969276487827301,0.043664224445819855,0.15202879905700684,0.10871998965740204,0.27062857151031494,0.18586696684360504,0.21231088042259216,0.18637052178382874,0.281660258769989,0.05131461098790169,0.15933166444301605,0.3616689145565033,0.250817209482193,0.15307308733463287
32,0.07510051941094191,0.0554617034352344,1.801909985749618,0.00032482085763426176,0.16164684360441955,0.04267508895308883,0.3262616455554962,0.4762616455554962,1,225,0.629814088344574,0.4664648473262787,0.012454729527235031,0,0.001,4.396041393280029,0.0949493944644928,0.08265214413404465,0.1304623782634735,0.629814088344574,0.08667300641536713,0.1573086827993393,0.0916169285774231,0.09739678353071213,0.3658178746700287,0.3441225290298462,0.5824949145317078,0.04499892517924309,0.17491573095321655,0.1075962632894516,0.32240813970565796,0.19442592561244965,0.3359968960285187,0.29850277304649353,0.4876950681209564,0.03795589506626129,0.15487390756607056,0.1113935112953186,0.25077512860298157,0.1624988317489624,0.22001172602176666,0.1880371868610382,0.27739182114601135,0.0463004969060421,0.1527664065361023,0.35859498381614685,0.24981467425823212,0.1445629596710205
33,0.07386400874542154,0.05443647455262101,1.7806855751120525,0.0006652279499457622,0.16140262912149014,0.04300494045681424,0.33190698027610777,0.4819069802761078,1,225,0.5718127489089966,0.4587104320526123,0.002051693620160222,3,0.001,4.355525493621826,0.0974489152431488,0.08919457346200943,0.1327134668827057,0.5718127489089966,0.0882115438580513,0.15453781187534332,0.09449265152215958,0.08796749264001846,0.33985579013824463,0.3333278000354767,0.5888262987136841,0.0515267550945282,0.1816686987876892,0.10402186214923859,0.36252737045288086,0.22807440161705017,0.33253616094589233,0.30493757128715515,0.4980616867542267,0.042889613658189774,0.16141420602798462,0.10960586369037628,0.2864072322845459,0.18719841539859772,0.21854470670223236,0.18809176981449127,0.2797895669937134,0.04687418043613434,0.16090932488441467,0.3588329255580902,0.2506437301635742,0.1453019678592682
34,0.07122693146052568,0.05203671769603439,1.7586432902709297,0.00043954877448571926,0.15993854986584705,0.0398117025869864,0.327795273065567,0.477795273065567,1,225,0.6635269522666931,0.492965430021286,0.0013833089033141732,3,0.001,4.301122188568115,0.09470251947641373,0.08780049532651901,0.13144707679748535,0.6635269522666931,0.08763615041971207,0.15694159269332886,0.09066938608884811,0.10128170996904373,0.3779025673866272,0.3298131227493286,0.5902788043022156,0.03460872173309326,0.1363963484764099,0.10056142508983612,0.30245208740234375,0.1975938081741333,0.3515321612358093,0.2993791997432709,0.49126532673835754,0.03116616979241371,0.12406816333532333,0.10617684572935104,0.24872195720672607,0.1598140150308609,0.22074775397777557,0.1848275363445282,0.2796443998813629,0.04179352521896362,0.15029139816761017,0.35184162855148315,0.237794890999794,0.13981422781944275
35,0.06906072730603426,0.050109856478545975,1.735730679138847,0.0001833307969323157,0.15917300206163656,0.0415833485921224,0.33547688126564024,0.48547688126564026,1,225,0.6609383225440979,0.4973515272140503,0.0030384783167392015,3,0.001,4.268433094024658,0.10383287072181702,0.08614195138216019,0.13266879320144653,0.6609383225440979,0.09782849997282028,0.1636708527803421,0.09303581714630127,0.10017076134681702,0.36034291982650757,0.33337727189064026,0.5926805734634399,0.04696885123848915,0.17359937727451324,0.09938030689954758,0.3342031240463257,0.16545811295509338,0.33901381492614746,0.2857874929904938,0.500278890132904,0.0399969220161438,0.1491331309080124,0.10536856204271317,0.27206331491470337,0.13598677515983582,0.22376851737499237,0.1832609623670578,0.28082284331321716,0.04908990114927292,0.1640314906835556,0.36347126960754395,0.24083641171455383,0.1323782056570053
36,0.07306179436652557,0.054272534244734306,1.719193028367084,0.000650651620083448,0.15908230582009192,0.039302080507631655,0.33142361640930174,0.48142361640930176,1,225,0.6256700754165649,0.5184758901596069,0.005869266577064991,2,0.001,4.314975261688232,0.09502226114273071,0.08571306616067886,0.13129617273807526,0.6256700754165649,0.0989418551325798,0.1613752543926239,0.08764994144439697,0.0872758999466896,0.4011976420879364,0.33255326747894287,0.5928295850753784,0.047614965587854385,0.1547778993844986,0.10177771747112274,0.2982253432273865,0.18376773595809937,0.36038583517074585,0.2885606288909912,0.4956170916557312,0.038989219814538956,0.13501262664794922,0.10588012635707855,0.23603741824626923,0.1545158177614212,0.22652016580104828,0.17603445053100586,0.28098922967910767,0.045678332448005676,0.1469753533601761,0.3558242917060852,0.23091763257980347,0.1353839635848999
37,0.06842168647310008,0.04977597490600918,1.7039643059606138,0.0007199331208223315,0.15988699249599292,0.03916848811396846,0.33043584823608396,0.480435848236084,1,225,0.6396762132644653,0.46783146262168884,0.0037337937392294407,3,0.001,4.294421672821045,0.09787052869796753,0.08537503331899643,0.13231174647808075,0.6396762132644653,0.09492281824350357,0.16272728145122528,0.09004539996385574,0.09625020623207092,0.3625418543815613,0.32474198937416077,0.5895642638206482,0.05257229134440422,0.14733608067035675,0.09687354415655136,0.30687132477760315,0.14321976900100708,0.34061136841773987,0.2885458171367645,0.4888177514076233,0.043982572853565216,0.12783069908618927,0.10263320058584213,0.2427908182144165,0.1261846274137497,0.2141324132680893,0.18110188841819763,0.27926304936408997,0.04912852123379707,0.15242013335227966,0.36292552947998047,0.2333366423845291,0.1200532615184784
38,0.06555974823625191,0.04710304202592891,1.6855244118234385,0.00028635969710708395,0.15985990088918936,0.038276058620876734,0.3278339862823486,0.47783398628234863,1,225,0.5977668762207031,0.48209720849990845,0.0046103582717478275,3,0.001,4.3013269901275635,0.09420401602983475,0.08521192520856857,0.1306094229221344,0.5977668762207031,0.0984208881855011,0.16482628881931305,0.08462498337030411,0.08928514271974564,0.38458383083343506,0.32675862312316895,0.5866535305976868,0.039585843682289124,0.11163889616727829,0.09667182713747025,0.25608792901039124,0.17634910345077515,0.3488300144672394,0.28833910822868347,0.4868195652961731,0.03395748883485794,0.09866351634263992,0.10567374527454376,0.20980940759181976,0.1560346484184265,0.22530066967010498,0.1814809888601303,0.27856457233428955,0.04003015160560608,0.15133507549762726,0.36002883315086365,0.22082075476646423,0.12589286267757416
39,0.06503346497597902,0.04681930091717969,1.6654546416324119,0.00032848090252272135,0.1556333672741185,0.03603309744375723,0.33274362087249754,0.48274362087249756,1,225,0.5744393467903137,0.4806634783744812,0.0029243126045912504,4,0.001,4.306432485580444,0.0959320217370987,0.09052291512489319,0.13138310611248016,0.5744393467903137,0.10556496679782867,0.1599898785352707,0.08680683374404907,0.0988193228840828,0.36375778913497925,0.32271531224250793,0.5957788228988647,0.05231016129255295,0.10632207989692688,0.10213163495063782,0.3151029348373413,0.18806052207946777,0.3406001925468445,0.29463765025138855,0.494437575340271,0.04279806464910507,0.09959736466407776,0.10527974367141724,0.24680213630199432,0.15992477536201477,0.22831545770168304,0.18567624688148499,0.28083309531211853,0.045614007860422134,0.15326084196567535,0.3580144941806793,0.23360487818717957,0.13721954822540283
40,0.06242301444644514,0.04442203385026559,1.6457559958748196,0.00022437688533935452,0.1541177863660066,0.03645125890661169,0.33344090580940244,0.48344090580940247,1,225,0.6104183197021484,0.4766574501991272,0.0034614005126059055,3,0.001,4.330565929412842,0.09800789505243301,0.08651114255189896,0.13308720290660858,0.6104183197021484,0.10245676338672638,0.1667250096797943,0.08881115913391113,0.10300733149051666,0.3266490399837494,0.28222087025642395,0.5893423557281494,0.03495549038052559,0.10976701229810715,0.08687739819288254,0.27899470925331116,0.1564449667930603,0.31475740671157837,0.25270527601242065,0.4927307069301605,0.029421590268611908,0.09699505567550659,0.09889297187328339,0.22263817489147186,0.14348621666431427,0.2084418386220932,0.16514280438423157,0.27980104088783264,0.03685562685132027,0.14358161389827728,0.3682496249675751,0.22607973217964172,0.12514269351959229
41,0.06539358587368675,0.04758731583538263,1.6269289203312085,0.0004946598188404965,0.15320350748041403,0.04184743245442708,0.32911491990089414,0.47911491990089417,1,225,0.581986129283905,0.441757470369339,0.004326737951487303,3,0.001,4.410117149353027,0.09630677849054337,0.08629786223173141,0.1324441283941269,0.581986129283905,0.10741759091615677,0.1634671986103058,0.08422257006168365,0.09254079312086105,0.344946026802063,0.3163810074329376,0.5886397957801819,0.03744598478078842,0.12036759406328201,0.09352855384349823,0.24359829723834991,0.17064988613128662,0.3270159661769867,0.27884361147880554,0.49085909128189087,0.03133181855082512,0.11395948380231857,0.10073772817850113,0.20227892696857452,0.15090727806091309,0.22004827857017517,0.18379555642604828,0.27891382575035095,0.03915805742144585,0.13990391790866852,0.3578459322452545,0.21653248369693756,0.12508270144462585
42,0.061525873839855194,0.043882530668507454,1.6108961519987688,0.0004347349974483697,0.1530034723489181,0.032745359632703995,0.3346924543380737,0.48469245433807373,1,225,0.6319783329963684,0.4627615213394165,0.0058463141322135925,3,0.001,4.286980628967285,0.10034412145614624,0.08835099637508392,0.1318090707063675,0.6319783329963684,0.10875121504068375,0.16305233538150787,0.08421187847852707,0.08961781114339828,0.3565811216831207,0.33289483189582825,0.5900021195411682,0.040338411927223206,0.11473450809717178,0.09376246482133865,0.2640998661518097,0.18423470854759216,0.3289019763469696,0.29416218400001526,0.4963241219520569,0.034061480313539505,0.09917160123586655,0.09965617954730988,0.2136533409357071,0.16173644363880157,0.22927157580852509,0.18625085055828094,0.2802690863609314,0.03995281457901001,0.14356555044651031,0.3677510917186737,0.22936120629310608,0.1338176280260086
43,0.05976028918572094,0.0423342601760574,1.59234749234241,0.00021293142756052396,0.15004252674786941,0.03928117879231771,0.34219751358032224,0.49219751358032227,1,225,0.5906865000724792,0.5117607116699219,0.007870269939303398,1,0.001,4.28108286857605,0.0990881621837616,0.0912853479385376,0.1318662464618683,0.5906865000724792,0.11129338294267654,0.16692057251930237,0.08661738783121109,0.09208745509386063,0.378338485956192,0.34090638160705566,0.5991624593734741,0.04185111075639725,0.13296926021575928,0.09597893804311752,0.33060422539711,0.19555231928825378,0.35150787234306335,0.296383261680603,0.5003577470779419,0.03548694774508476,0.12493126839399338,0.10183832794427872,0.2536897361278534,0.16860271990299225,0.22549022734165192,0.1866481751203537,0.2824647128582001,0.04132326692342758,0.15090104937553406,0.377072274684906,0.23818768560886383,0.13867957890033722
44,0.060200964950996895,0.042914000866205795,1.5781374288641887,0.0005242957796208034,0.15003471335639124,0.035327387491861977,0.33650327324867246,0.4865032732486725,1,225,0.6422379612922668,0.46145540475845337,0.002492872765287757,4,0.001,4.281521320343018,0.09761006385087967,0.08340652287006378,0.13175977766513824,0.6422379612922668,0.12021013349294662,0.1681370735168457,0.08784477412700653,0.08740097284317017,0.3500517010688782,0.27275022864341736,0.5874322056770325,0.036158692091703415,0.06716427206993103,0.07785457372665405,0.258938193321228,0.1438494473695755,0.32854926586151123,0.24931497871875763,0.4944382309913635,0.03119632974267006,0.06427724659442902,0.09144758433103561,0.20668569207191467,0.12877678871154785,0.22857657074928284,0.16363732516765594,0.27945271134376526,0.04016799107193947,0.14803612232208252,0.37763944268226624,0.24746856093406677,0.11907844245433807
45,0.058858785616314926,0.041711332033509796,1.564641439396402,0.0005437870425774473,0.1495601554279742,0.037009719283492476,0.3457166016101837,0.4957166016101837,1,225,0.5877410173416138,0.494960218667984,0.01774321310222149,0,0.001,4.297607660293579,0.09771506488323212,0.08828703314065933,0.13120588660240173,0.5877410173416138,0.11434023827314377,0.1699020266532898,0.0913839191198349,0.09691061079502106,0.3751855790615082,0.341096967458725,0.5966583490371704,0.04546185955405235,0.14384937286376953,0.09449373185634613,0.308528333902359,0.20411445200443268,0.341232031583786,0.30029937624931335,0.5011014342308044,0.037162791937589645,0.12796908617019653,0.10363759100437164,0.24157945811748505,0.1780863106250763,0.24304187297821045,0.19221746921539307,0.2823476791381836,0.042637016624212265,0.16127227246761322,0.38939008116722107,0.24402429163455963,0.1441255360841751
46,0.0596952676449133,0.04271039366722107,1.55025125068167,0.00040595226512422136,0.14783019604890243,0.03531977222583912,0.3307029068470001,0.4807029068470001,1,225,0.5745286345481873,0.49533694982528687,0.0010721520520746708,4,0.001,4.306433916091919,0.09844344854354858,0.08940389752388,0.132267028093338,0.5745286345481873,0.10967382788658142,0.16715052723884583,0.08647163957357407,0.08777482807636261,0.3914891481399536,0.3366233706474304,0.5866398811340332,0.04256359487771988,0.12365236133337021,0.11002065986394882,0.28547203540802,0.20411314070224762,0.35257744789123535,0.29709330201148987,0.4910946786403656,0.03618812933564186,0.11219844967126846,0.11515133827924728,0.22824519872665405,0.18591968715190887,0.23618073761463165,0.18417556583881378,0.2785618305206299,0.04433203861117363,0.13648951053619385,0.36437416076660156,0.2243211418390274,0.14028087258338928
47,0.05964240221225697,0.042808026399301445,1.536033034324646,0.00025137945561690014,0.14715328747811524,0.0353796799271195,0.3373063862323761,0.4873063862323761,1,225,0.6098900437355042,0.4752891957759857,0.0051759472116827965,1,0.001,4.3567869663238525,0.09575161337852478,0.09062910825014114,0.1323140561580658,0.6098900437355042,0.11078312993049622,0.16758650541305542,0.08870510011911392,0.0968015193939209,0.3607611358165741,0.33431515097618103,0.5915855169296265,0.04295806214213371,0.14665836095809937,0.10704085975885391,0.3385367691516876,0.22259029746055603,0.3364799916744232,0.28360307216644287,0.4953061044216156,0.0369592122733593,0.1302012950181961,0.11199657618999481,0.2613888084888458,0.1920309215784073,0.22494010627269745,0.18122828006744385,0.28063875436782837,0.04464675858616829,0.13091085851192474,0.37502750754356384,0.22495150566101074,0.1486697942018509
48,0.05998567767117335,0.043313824612161385,1.5212198910505876,0.00017040539798630482,0.14579515159130096,0.03214980740017361,0.3345464527606964,0.4845464527606964,1,225,0.6086869239807129,0.46527099609375,0.0017191790975630283,4,0.001,4.424461364746094,0.09914316236972809,0.09253155440092087,0.13391292095184326,0.6086869239807129,0.1234264001250267,0.1681727021932602,0.08318920433521271,0.08849398791790009,0.3592442274093628,0.316195011138916,0.5859226584434509,0.03702031448483467,0.09585171937942505,0.09727638959884644,0.25164997577667236,0.19814100861549377,0.33095717430114746,0.2808239459991455,0.49234887957572937,0.030942583456635475,0.08646891266107559,0.10278449207544327,0.2119215875864029,0.1752379834651947,0.23959174752235413,0.18014806509017944,0.27927929162979126,0.03987995535135269,0.14233438670635223,0.3753679096698761,0.23042239248752594,0.13468146324157715
49,0.05511572827463564,0.03866349290246549,1.5030209966327832,0.00017360713568252876,0.14202900684398154,0.03260277698658131,0.330369359254837,0.48036935925483704,1,225,0.5616819858551025,0.5153020620346069,0.0016093772137537599,3,0.001,4.341553211212158,0.10120031237602234,0.0935080498456955,0.13372576236724854,0.5616819858551025,0.12041869759559631,0.16517464816570282,0.08682496100664139,0.09233517199754715,0.40556952357292175,0.32360291481018066,0.5848444104194641,0.04504093900322914,0.12156406790018082,0.10015561431646347,0.28940677642822266,0.21885818243026733,0.36346298456192017,0.29546040296554565,0.49178120493888855,0.03751996532082558,0.10528615862131119,0.10628102719783783,0.2344709038734436,0.18904922902584076,0.24558371305465698,0.18716490268707275,0.2792699635028839,0.04315973445773125,0.14960156381130219,0.3644825220108032,0.23868004977703094,0.1461511254310608
50,0.057543801062780876,0.04123696506671284,1.4881279157555622,0.0003524772334418705,0.14220321502374567,0.033980910689742475,0.33082223534584043,0.48082223534584045,1,225,0.5458905100822449,0.48998963832855225,0.0030551354866474867,4,0.0001,4.301224946975708,0.09940247982740402,0.09218626469373703,0.13236656785011292,0.5458905100822449,0.12028677761554718,0.1655930131673813,0.08831357955932617,0.09063104540109634,0.38010892271995544,0.3397989273071289,0.5885739326477051,0.049147430807352066,0.1381426900625229,0.10236978530883789,0.30913010239601135,0.22105059027671814,0.3535337448120117,0.29745861887931824,0.4919919967651367,0.041660238057374954,0.11603637039661407,0.10847622901201248,0.2453158050775528,0.1903722733259201,0.23888665437698364,0.18755656480789185,0.27887508273124695,0.04755527898669243,0.16036254167556763,0.36190086603164673,0.24232059717178345,0.14632967114448547
51,0.05135131627321243,0.035114560114300766,1.4790362689806067,0.0003529277338479322,0.1442864776953407,0.030296168009440103,0.33336997628211973,0.48336997628211975,1,225,0.5762869715690613,0.5096470713615417,0.001969194272533059,3,0.0001,4.291425943374634,0.09974858909845352,0.08963165432214737,0.13308575749397278,0.5762869715690613,0.11866334825754166,0.1655319482088089,0.08620889484882355,0.09286487847566605,0.40015384554862976,0.34349626302719116,0.5889326930046082,0.04494323581457138,0.1287965327501297,0.1017293781042099,0.28505903482437134,0.22285021841526031,0.36065131425857544,0.29669189453125,0.4943389892578125,0.03830360993742943,0.11170779913663864,0.10691983252763748,0.22544273734092712,0.1975775510072708,0.23768943548202515,0.18848103284835815,0.2808382511138916,0.04441966116428375,0.149937242269516,0.3668382465839386,0.23325130343437195,0.14982442557811737
52,0.04841273294194885,0.032274638100162796,1.4714139699935913,0.00011825669429052378,0.14227728869604028,0.03009840562608507,0.33291477560997007,0.4829147756099701,1,225,0.5709817409515381,0.501652717590332,0.0014548093313351274,4,0.0001,4.393364429473877,0.09912114590406418,0.09172984957695007,0.13287965953350067,0.5709817409515381,0.11992401629686356,0.16792544722557068,0.08569397032260895,0.09272872656583786,0.3918663263320923,0.3373611569404602,0.5898061990737915,0.04049777239561081,0.11318176984786987,0.10492447018623352,0.27646517753601074,0.21596239507198334,0.35352861881256104,0.29683804512023926,0.4927889108657837,0.03473391383886337,0.10127165913581848,0.1103539764881134,0.22173774242401123,0.18852294981479645,0.24002212285995483,0.1908252090215683,0.28024137020111084,0.04197675362229347,0.14659418165683746,0.3661491274833679,0.23325829207897186,0.14526641368865967
53,0.047825442222149475,0.03175989740892597,1.4658275583515996,0.00010143864315266356,0.14062553708967956,0.028525431032534,0.33114550113677976,0.4811455011367798,1,225,0.574765145778656,0.5129806399345398,0.001801160629838705,3,0.0001,4.280018329620361,0.10107279568910599,0.09154242277145386,0.13274545967578888,0.574765145778656,0.11919192224740982,0.16598612070083618,0.08505413681268692,0.09274377673864365,0.40290990471839905,0.3368346095085144,0.5863476991653442,0.039022404700517654,0.11778326332569122,0.1045558825135231,0.2805062234401703,0.21257568895816803,0.36198940873146057,0.2973972260951996,0.49108651280403137,0.033742278814315796,0.10605614632368088,0.10813803225755692,0.22090694308280945,0.18854857981204987,0.24197940528392792,0.1895696371793747,0.27954182028770447,0.04179409518837929,0.14294865727424622,0.36600229144096375,0.22854827344417572,0.14441800117492676
54,0.04748636289783146,0.03147519809072432,1.461632541988207,8.458503093013702e-05,0.13939933932345847,0.02947208602340133,0.33146843910217283,0.48146843910217285,1,225,0.579223096370697,0.5135315656661987,0.0017888233996927738,3,0.0001,4.276559829711914,0.1015467420220375,0.09365083277225494,0.13238471746444702,0.579223096370697,0.11779144406318665,0.1679828017950058,0.08458933234214783,0.09270551800727844,0.4049171507358551,0.34653958678245544,0.58444744348526,0.03901581093668938,0.12344540655612946,0.10487299412488937,0.2701707184314728,0.20901012420654297,0.36346641182899475,0.3043217957019806,0.4914858341217041,0.033506087958812714,0.11117478460073471,0.10967210680246353,0.21499603986740112,0.1857033222913742,0.24283678829669952,0.1946898251771927,0.27963635325431824,0.041097790002822876,0.1424122452735901,0.3684720993041992,0.22653000056743622,0.14305050671100616
55,0.04804124359203422,0.03207271116907182,1.458542823791504,8.494256262961046e-05,0.13822554116663727,0.03059306052879051,0.3344987392425537,0.4844987392425537,1,225,0.5721069574356079,0.5183524489402771,0.0019388179061934352,3,0.0001,4.318346738815308,0.10276830941438675,0.09596382081508636,0.133042111992836,0.5721069574356079,0.12102168053388596,0.16653479635715485,0.08241549134254456,0.09318536520004272,0.39430850744247437,0.34003913402557373,0.5896793007850647,0.038154590874910355,0.1183428019285202,0.10354459285736084,0.26709556579589844,0.2089666724205017,0.35808736085891724,0.3113831579685211,0.4982278048992157,0.033365778625011444,0.1060728207230568,0.10720717906951904,0.21304701268672943,0.18240012228488922,0.24350568652153015,0.19362151622772217,0.2814842760562897,0.040736258029937744,0.14210672676563263,0.36558911204338074,0.2290782630443573,0.14334449172019958
56,0.047406335077855896,0.03147527454016001,1.4554262990536897,9.066644997801632e-05,0.13758917088093964,0.029775282118055555,0.33448935151100156,0.4844893515110016,1,225,0.5671893954277039,0.5073278546333313,0.002069540088996291,3,0.0001,4.420668840408325,0.10293515026569366,0.09396766126155853,0.13282082974910736,0.5671893954277039,0.12050727754831314,0.16566801071166992,0.08362351357936859,0.09260055422782898,0.3895426392555237,0.33298155665397644,0.588912308216095,0.03593733161687851,0.11446835845708847,0.10145223885774612,0.2504989206790924,0.20364771783351898,0.355386346578598,0.2978088855743408,0.4947716295719147,0.03167494386434555,0.10357547551393509,0.10693105310201645,0.20588436722755432,0.17810863256454468,0.2431069314479828,0.19194506108760834,0.2808874547481537,0.039670366793870926,0.1440693736076355,0.36978405714035034,0.22729194164276123,0.14026996493339539
57,0.04671720933655034,0.030826718667926994,1.451973205027373,7.337377926729539e-05,0.13700254715007285,0.030064875849971064,0.33497810959815977,0.4849781095981598,1,225,0.5760419964790344,0.4800405502319336,0.0013663244899362326,3,0.0001,4.340571641921997,0.10240770876407623,0.09337087720632553,0.13296528160572052,0.5760419964790344,0.12208796292543411,0.1668115109205246,0.08512017130851746,0.09320990741252899,0.3648212254047394,0.3253525197505951,0.5898447632789612,0.034551952034235,0.1164204329252243,0.10157999396324158,0.26429250836372375,0.2041671872138977,0.3432733416557312,0.2920345962047577,0.4947957694530487,0.030717408284544945,0.10385296493768692,0.10830898582935333,0.21619385480880737,0.17840541899204254,0.24055874347686768,0.18663859367370605,0.2807449400424957,0.03952575847506523,0.14424553513526917,0.3702937960624695,0.23048852384090424,0.13942833244800568
58,0.04691943931190864,0.03106711294663989,1.4488392031711081,7.353154512162766e-05,0.13631991070249808,0.02888880411783854,0.33021188378334043,0.48021188378334045,1,225,0.5697653293609619,0.5158613920211792,0.00275044864974916,3,0.0001,4.263598918914795,0.10311847180128098,0.09509691596031189,0.13288015127182007,0.5697653293609619,0.12067973613739014,0.16682447493076324,0.08247791230678558,0.09326349943876266,0.39607542753219604,0.33655983209609985,0.5832493305206299,0.03661540895700455,0.12188076227903366,0.10077611356973648,0.2508212924003601,0.20304560661315918,0.3615352511405945,0.30184051394462585,0.4941428005695343,0.032103464007377625,0.1106153130531311,0.1044192910194397,0.20607410371303558,0.17862948775291443,0.24445724487304688,0.18941211700439453,0.2799510955810547,0.04093580320477486,0.1380501687526703,0.36324355006217957,0.22151397168636322,0.14059662818908691
59,0.04650410167548968,0.03068220898832964,1.4463815015295278,9.201800655674838e-05,0.13571577098058618,0.029103583724410447,0.331998473405838,0.481998473405838,1,225,0.5796042680740356,0.4960562586784363,0.0019951104186475277,3,0.0001,4.286422252655029,0.10149127244949341,0.09550498425960541,0.1332743763923645,0.5796042680740356,0.11833284795284271,0.16699542105197906,0.08354773372411728,0.09261105209589005,0.382880836725235,0.32653436064720154,0.5868040919303894,0.032985709607601166,0.1254367083311081,0.10451044142246246,0.26938241720199585,0.20028814673423767,0.34947144985198975,0.2953532934188843,0.49368324875831604,0.029136866331100464,0.11259064078330994,0.10871531069278717,0.21892523765563965,0.17535336315631866,0.23778991401195526,0.18600665032863617,0.28019335865974426,0.039148230105638504,0.14048750698566437,0.3655080497264862,0.2229532152414322,0.13832047581672668
60,0.04686732703576917,0.031081707176306973,1.4435286055440488,8.677434158491214e-05,0.13494662422200907,0.02920842064751519,0.33240956664085386,0.4824095666408539,1,225,0.5722026228904724,0.46705877780914307,0.0016923017101362348,5,0.0001,4.3075852394104,0.10163440555334091,0.09263680875301361,0.1331397145986557,0.5722026228904724,0.1224118247628212,0.16626834869384766,0.08498935401439667,0.09429117292165756,0.3588966131210327,0.3284579813480377,0.5867156982421875,0.03605727478861809,0.12408051639795303,0.10379232466220856,0.26329368352890015,0.19438210129737854,0.338520884513855,0.2902740240097046,0.49289751052856445,0.03139772266149521,0.10927888751029968,0.1089545488357544,0.21921959519386292,0.17384445667266846,0.23846164345741272,0.18671084940433502,0.28026604652404785,0.04008948430418968,0.1500389575958252,0.3676155209541321,0.2286609262228012,0.13805396854877472
61,0.04665619134902954,0.03090096742886564,1.4410124758015508,8.539506930189773e-05,0.13442458341950955,0.030233348705150462,0.3333327829837799,0.4833327829837799,1,225,0.5635820031166077,0.4808345437049866,0.002223510527983308,3,0.0001,4.324291706085205,0.10022883117198944,0.09584990888834,0.13328351080417633,0.5635820031166077,0.12039177864789963,0.16814357042312622,0.08430156856775284,0.09133059531450272,0.3754531741142273,0.33267033100128174,0.5865736603736877,0.037487298250198364,0.12549220025539398,0.10277114808559418,0.26175594329833984,0.2043507844209671,0.34166407585144043,0.29753950238227844,0.49322593212127686,0.032427143305540085,0.11102136969566345,0.1081196665763855,0.21610304713249207,0.1785975992679596,0.23986057937145233,0.19063228368759155,0.2798597514629364,0.04092298820614815,0.14435453712940216,0.37019872665405273,0.22631585597991943,0.13976258039474487
62,0.04628872191128523,0.0305661883853052,1.4381181934605474,8.31419038940626e-05,0.13405202393946442,0.029486151801215277,0.330552464723587,0.48055246472358704,1,225,0.5757318139076233,0.5003341436386108,0.002772070001810789,3,0.0001,4.326511383056641,0.10344529151916504,0.09662804752588272,0.13317278027534485,0.5757318139076233,0.11994822323322296,0.16736674308776855,0.08317507058382034,0.09279099851846695,0.39065560698509216,0.33351513743400574,0.5823917388916016,0.03345887362957001,0.1304693967103958,0.10276182740926743,0.2650444209575653,0.1969078630208969,0.35568881034851074,0.299133837223053,0.49284666776657104,0.029619595035910606,0.11568228900432587,0.10672402381896973,0.2161831110715866,0.17149953544139862,0.24149870872497559,0.18927276134490967,0.28004103899002075,0.039307840168476105,0.14099925756454468,0.3664189577102661,0.22405920922756195,0.13703055679798126
63,0.04634902998805046,0.03065416605576225,1.435794524524523,8.577883683914399e-05,0.13360617018264273,0.02994106094925492,0.33579871654510496,0.485798716545105,1,225,0.5549253225326538,0.48756083846092224,0.0016618473455309868,3,0.0001,4.377925157546997,0.10198613256216049,0.09498317539691925,0.13323386013507843,0.5549253225326538,0.12021441757678986,0.16515499353408813,0.08392449468374252,0.09268985688686371,0.3680609464645386,0.32498782873153687,0.5906585454940796,0.033701635897159576,0.11645032465457916,0.0996180921792984,0.26457729935646057,0.1923801749944687,0.3438439965248108,0.2911660969257355,0.49793770909309387,0.02990875579416752,0.10410654544830322,0.10462179034948349,0.21810133755207062,0.16903585195541382,0.23993374407291412,0.1862228512763977,0.28140687942504883,0.03918957710266113,0.1443316787481308,0.36879995465278625,0.22894056141376495,0.1351509392261505
