에폭,인코더,x_clean,x_clean_sd,bw,bw_sd,ma,ma_sd,em,em_sd
40,enc1,0.1528,0.1118,0.218,0.1566,0.2203,0.1577,0.2372,0.1475
40,enc2,0.0844,0.0969,0.3895,0.2329,0.303,0.1997,0.2001,0.1604
40,enc3,0.1292,0.1488,0.5973,0.2548,0.476,0.2331,0.2738,0.1989
40,enc4,0.6136,0.1035,0.0841,0.077,0.0705,0.0656,0.071,0.0594
40,enc5,0.0913,0.1036,0.3466,0.2224,0.313,0.1983,0.1794,0.1444
40,enc6,0.1132,0.1186,0.3467,0.2177,0.2941,0.1934,0.2684,0.1623
40,enc7,0.0851,0.092,0.3758,0.2389,0.3011,0.197,0.1895,0.1453
40,enc8,0.1566,0.0908,0.1957,0.148,0.1652,0.1272,0.1757,0.1234
42,enc1,0.1563,0.1111,0.2144,0.1481,0.2208,0.1588,0.2394,0.1477
42,enc2,0.0844,0.1006,0.3938,0.2353,0.3171,0.2044,0.2008,0.1576
42,enc3,0.1289,0.1484,0.5972,0.2541,0.4693,0.234,0.2737,0.1987
42,enc4,0.5973,0.1063,0.0994,0.0859,0.0834,0.0743,0.0776,0.0642
42,enc5,0.0836,0.0993,0.3184,0.2216,0.283,0.1875,0.1796,0.1434
42,enc6,0.1065,0.1168,0.3539,0.2198,0.2958,0.1958,0.2485,0.158
42,enc7,0.0858,0.095,0.368,0.2318,0.2918,0.1937,0.187,0.1465
42,enc8,0.1628,0.0985,0.2154,0.1585,0.1794,0.1398,0.1694,0.1254
46,enc1,0.1516,0.1144,0.2354,0.1628,0.2288,0.1643,0.2344,0.1484
46,enc2,0.0848,0.0996,0.4087,0.24,0.3186,0.202,0.2132,0.1631
46,enc3,0.1302,0.1487,0.598,0.2542,0.4762,0.2353,0.2749,0.198
46,enc4,0.6331,0.1047,0.0854,0.0767,0.0723,0.0659,0.0713,0.0596
46,enc5,0.0929,0.1078,0.3645,0.2318,0.3335,0.2157,0.1881,0.1489
46,enc6,0.1085,0.1163,0.3477,0.2187,0.2942,0.1953,0.2506,0.1587
46,enc7,0.0859,0.0953,0.3682,0.2352,0.3012,0.1973,0.1882,0.1489
46,enc8,0.1621,0.0963,0.2124,0.1545,0.1749,0.1316,0.1788,0.1265
48,enc1,0.1606,0.1131,0.2177,0.1478,0.2166,0.1537,0.2418,0.1489
48,enc2,0.0875,0.1052,0.4046,0.2368,0.3154,0.1993,0.2089,0.1606
48,enc3,0.1302,0.1493,0.6019,0.2543,0.4768,0.234,0.2754,0.199
48,enc4,0.6414,0.1026,0.0735,0.0677,0.0632,0.059,0.0643,0.054
48,enc5,0.0896,0.0969,0.2982,0.2124,0.2771,0.1908,0.1613,0.1349
48,enc6,0.1121,0.1206,0.347,0.2201,0.2929,0.1928,0.2634,0.1615
48,enc7,0.0862,0.0973,0.3812,0.2397,0.2924,0.1942,0.2019,0.1519
48,enc8,0.161,0.0966,0.2044,0.1567,0.169,0.1315,0.1754,0.124
50,enc1,0.1543,0.1132,0.2071,0.1427,0.2112,0.1532,0.2318,0.1449
50,enc2,0.0911,0.1054,0.4239,0.2456,0.3239,0.21,0.214,0.1631
50,enc3,0.1293,0.1495,0.6011,0.2534,0.4764,0.2341,0.2757,0.1989
50,enc4,0.6252,0.1059,0.0851,0.0788,0.0742,0.0666,0.0736,0.0622
50,enc5,0.0859,0.0941,0.3103,0.2042,0.2731,0.1874,0.1599,0.1296
50,enc6,0.1092,0.1198,0.347,0.2239,0.2935,0.195,0.2468,0.159
50,enc7,0.0873,0.0963,0.3676,0.2299,0.3015,0.1909,0.1953,0.1508
50,enc8,0.1527,0.0933,0.1996,0.1515,0.1619,0.1287,0.1719,0.1218
52,enc1,0.1534,0.113,0.2082,0.1466,0.2105,0.1525,0.2314,0.1467
52,enc2,0.0867,0.1021,0.4064,0.2394,0.3152,0.1991,0.2077,0.1599
52,enc3,0.1303,0.1491,0.5979,0.2539,0.4751,0.2342,0.2751,0.1985
52,enc4,0.6418,0.1038,0.0797,0.0721,0.0695,0.0621,0.0689,0.0578
52,enc5,0.0877,0.0955,0.288,0.1962,0.2636,0.1792,0.1575,0.1271
52,enc6,0.1118,0.1206,0.3429,0.2235,0.2926,0.1927,0.2578,0.1589
52,enc7,0.084,0.0897,0.3443,0.2221,0.276,0.1852,0.18,0.1406
52,enc8,0.1535,0.093,0.199,0.1495,0.1629,0.1277,0.1799,0.1235
54,enc1,0.1567,0.112,0.2092,0.1453,0.2105,0.1521,0.2337,0.147
54,enc2,0.0872,0.1032,0.4015,0.2376,0.3189,0.1991,0.2091,0.1596
54,enc3,0.13,0.1479,0.5932,0.2544,0.475,0.2331,0.2741,0.1987
54,enc4,0.6403,0.1042,0.0842,0.0763,0.0718,0.065,0.0705,0.0592
54,enc5,0.084,0.0946,0.2875,0.1917,0.2615,0.1788,0.1599,0.1305
54,enc6,0.1118,0.1197,0.3462,0.2194,0.2943,0.1939,0.2589,0.1589
54,enc7,0.0824,0.0854,0.3438,0.2256,0.2671,0.1805,0.1774,0.1414
54,enc8,0.1597,0.0962,0.1906,0.1442,0.158,0.1256,0.1768,0.1218
56,enc1,0.1599,0.1138,0.2049,0.143,0.2096,0.1498,0.2393,0.1489
56,enc2,0.0872,0.1013,0.4139,0.2378,0.3222,0.2008,0.2124,0.1623
56,enc3,0.1308,0.1491,0.5993,0.2543,0.4796,0.2342,0.2759,0.1985
56,enc4,0.638,0.1039,0.0765,0.0687,0.0659,0.059,0.0667,0.0556
56,enc5,0.0836,0.0923,0.2744,0.1865,0.2579,0.1765,0.1552,0.1251
56,enc6,0.1091,0.1149,0.3221,0.2102,0.2788,0.1852,0.2566,0.158
56,enc7,0.0817,0.0835,0.3124,0.214,0.2481,0.17,0.1636,0.1323
56,enc8,0.166,0.0959,0.1823,0.1431,0.148,0.118,0.1742,0.1201
58,enc1,0.1608,0.1133,0.2051,0.1452,0.209,0.151,0.2381,0.1474
58,enc2,0.0888,0.103,0.4186,0.2374,0.3275,0.2033,0.2137,0.1637
58,enc3,0.1308,0.1486,0.5965,0.2549,0.4797,0.2338,0.275,0.1988
58,enc4,0.6407,0.1036,0.0775,0.0691,0.0659,0.0592,0.067,0.0563
58,enc5,0.0863,0.1001,0.2983,0.196,0.265,0.1866,0.1633,0.1263
58,enc6,0.109,0.1118,0.326,0.2093,0.2819,0.1906,0.2582,0.1574
58,enc7,0.0824,0.0869,0.3414,0.2255,0.2689,0.1819,0.1748,0.1396
58,enc8,0.1625,0.0934,0.1891,0.1473,0.1566,0.1236,0.1783,0.1231
60,enc1,0.1564,0.1127,0.2012,0.1432,0.2022,0.1447,0.2414,0.1504
60,enc2,0.0869,0.1002,0.403,0.238,0.3172,0.2016,0.2085,0.1637
60,enc3,0.131,0.1488,0.5987,0.2546,0.4795,0.2337,0.2766,0.1981
60,enc4,0.6415,0.1049,0.0768,0.0687,0.0666,0.0592,0.0672,0.055
60,enc5,0.0902,0.1003,0.326,0.2136,0.2916,0.2006,0.1731,0.1408
60,enc6,0.1099,0.1159,0.3155,0.2092,0.2731,0.1833,0.2596,0.1577
60,enc7,0.0871,0.0984,0.3464,0.2265,0.2799,0.1905,0.1798,0.1427
60,enc8,0.1715,0.0976,0.1887,0.1464,0.1543,0.1212,0.18,0.1232
62,enc1,0.166,0.1144,0.2028,0.1432,0.2073,0.1491,0.2431,0.1492
62,enc2,0.088,0.1028,0.4076,0.2386,0.3231,0.2022,0.2116,0.1623
62,enc3,0.131,0.1482,0.5958,0.2555,0.4795,0.2338,0.275,0.1985
62,enc4,0.6434,0.1029,0.0723,0.065,0.0619,0.0558,0.0654,0.0547
62,enc5,0.0847,0.0978,0.3087,0.2043,0.2737,0.1892,0.1671,0.1335
62,enc6,0.1115,0.1152,0.3185,0.2078,0.2765,0.1856,0.2619,0.1576
62,enc7,0.0849,0.0899,0.3504,0.2321,0.2788,0.1886,0.1785,0.1435
62,enc8,0.1656,0.0946,0.1731,0.1386,0.1435,0.1172,0.1761,0.1192
64,enc1,0.1573,0.1127,0.2019,0.1428,0.2023,0.1458,0.2389,0.1492
64,enc2,0.0874,0.1019,0.3996,0.2361,0.3184,0.2001,0.2077,0.1622
64,enc3,0.1311,0.1489,0.5998,0.2548,0.4803,0.2335,0.2764,0.1979
64,enc4,0.6405,0.1038,0.0772,0.0692,0.0668,0.0591,0.067,0.0552
64,enc5,0.0878,0.0978,0.3118,0.2074,0.2793,0.1893,0.1677,0.1357
64,enc6,0.1096,0.1147,0.3135,0.2072,0.2708,0.1839,0.2591,0.1577
64,enc7,0.0848,0.093,0.3371,0.2233,0.2703,0.1842,0.1729,0.1383
64,enc8,0.1661,0.0944,0.1829,0.1447,0.1521,0.1214,0.1787,0.1214
66,enc1,0.1656,0.1149,0.2023,0.1419,0.205,0.1477,0.2454,0.1492
66,enc2,0.0862,0.1019,0.4002,0.2381,0.3125,0.2014,0.2073,0.1597
66,enc3,0.1312,0.1489,0.6002,0.2547,0.483,0.2332,0.2766,0.1982
66,enc4,0.6432,0.1013,0.07,0.0619,0.0603,0.0537,0.0638,0.0531
66,enc5,0.0878,0.0973,0.3147,0.2056,0.2823,0.1901,0.1675,0.1357
66,enc6,0.1099,0.1149,0.3103,0.2063,0.2697,0.1809,0.2603,0.1573
66,enc7,0.0866,0.094,0.3566,0.2285,0.2816,0.1891,0.1812,0.146
66,enc8,0.1666,0.0933,0.1726,0.1398,0.1411,0.1141,0.1745,0.1192
68,enc1,0.1571,0.1118,0.1987,0.1409,0.2028,0.1461,0.2405,0.1495
68,enc2,0.0888,0.1025,0.4068,0.2365,0.3186,0.2043,0.2098,0.1635
68,enc3,0.1316,0.1493,0.6001,0.255,0.4847,0.2335,0.2769,0.1983
68,enc4,0.6439,0.1024,0.0735,0.0658,0.0635,0.0561,0.0656,0.0546
68,enc5,0.0872,0.0975,0.3014,0.2023,0.2706,0.1835,0.1655,0.1287
68,enc6,0.1066,0.1099,0.3069,0.201,0.2665,0.1836,0.2549,0.1577
68,enc7,0.0849,0.0937,0.3386,0.2211,0.2704,0.1829,0.1755,0.142
68,enc8,0.1648,0.093,0.1654,0.1335,0.1372,0.1113,0.1761,0.1181
70,enc1,0.1672,0.1127,0.1932,0.1372,0.1971,0.1426,0.2469,0.1491
70,enc2,0.0882,0.1018,0.4084,0.2371,0.3209,0.2054,0.2095,0.1615
70,enc3,0.1312,0.1479,0.5945,0.2551,0.4796,0.233,0.2742,0.1983
70,enc4,0.6396,0.1024,0.0748,0.0667,0.0645,0.0569,0.0659,0.0544
70,enc5,0.0834,0.0933,0.2815,0.1917,0.2501,0.1792,0.1617,0.1252
70,enc6,0.1124,0.1164,0.3287,0.212,0.2812,0.1896,0.2666,0.1591
70,enc7,0.086,0.0928,0.3437,0.2255,0.2704,0.1826,0.1777,0.1448
70,enc8,0.1672,0.0923,0.1719,0.1371,0.143,0.1142,0.1796,0.1206
72,enc1,0.1658,0.1132,0.196,0.1384,0.2018,0.1464,0.2434,0.1485
72,enc2,0.0881,0.1025,0.3927,0.2336,0.3142,0.2012,0.2042,0.1576
72,enc3,0.1312,0.1483,0.5987,0.2552,0.4814,0.2331,0.2753,0.1982
72,enc4,0.6401,0.1006,0.0706,0.0626,0.0606,0.0538,0.0641,0.0532
72,enc5,0.0847,0.0962,0.287,0.1947,0.2562,0.1811,0.1597,0.1235
72,enc6,0.111,0.113,0.3125,0.2045,0.2713,0.1847,0.2632,0.1581
72,enc7,0.0851,0.0891,0.3513,0.225,0.2716,0.1838,0.1795,0.146
72,enc8,0.1696,0.0959,0.1629,0.1346,0.1336,0.1109,0.1725,0.1173
74,enc1,0.1594,0.1116,0.1933,0.1369,0.1973,0.1414,0.2448,0.1505
74,enc2,0.0864,0.1015,0.4119,0.2389,0.3194,0.2031,0.2101,0.162
74,enc3,0.1311,0.149,0.5989,0.2555,0.4811,0.2334,0.2765,0.1976
74,enc4,0.6472,0.1021,0.0714,0.0636,0.062,0.0545,0.0643,0.0527
74,enc5,0.089,0.0959,0.3145,0.2059,0.2797,0.184,0.1678,0.1355
74,enc6,0.1084,0.1156,0.31,0.2042,0.265,0.1805,0.2572,0.1568
74,enc7,0.0855,0.0947,0.3472,0.2256,0.2794,0.19,0.1827,0.1453
74,enc8,0.1768,0.0999,0.1705,0.1377,0.1386,0.113,0.1712,0.119
76,enc1,0.1614,0.1127,0.1894,0.1361,0.1964,0.1417,0.243,0.1488
76,enc2,0.0861,0.1011,0.3996,0.235,0.312,0.2011,0.2045,0.1586
76,enc3,0.1314,0.1492,0.5999,0.2551,0.4819,0.2335,0.2764,0.1977
76,enc4,0.6357,0.103,0.0739,0.0649,0.064,0.0557,0.0653,0.0537
76,enc5,0.0873,0.0938,0.3157,0.2012,0.2778,0.1824,0.1686,0.1334
76,enc6,0.1062,0.1109,0.3015,0.1997,0.2615,0.1787,0.252,0.1553
76,enc7,0.0853,0.094,0.3426,0.224,0.2763,0.1855,0.1813,0.1425
76,enc8,0.1699,0.0955,0.1731,0.1412,0.1415,0.1152,0.1734,0.1196
78,enc1,0.1641,0.1142,0.1946,0.1379,0.2,0.1452,0.2443,0.1485
78,enc2,0.0859,0.0999,0.4021,0.2353,0.3112,0.202,0.2057,0.1586
78,enc3,0.1315,0.1492,0.6,0.255,0.4839,0.2335,0.2766,0.198
78,enc4,0.6459,0.0998,0.0698,0.0614,0.0604,0.053,0.0636,0.0533
78,enc5,0.0843,0.09,0.3024,0.1967,0.268,0.1774,0.1637,0.1266
78,enc6,0.108,0.1135,0.3047,0.2002,0.2622,0.1789,0.2578,0.1563
78,enc7,0.0839,0.0909,0.3413,0.2205,0.2687,0.1827,0.1764,0.1435
78,enc8,0.172,0.0951,0.1654,0.1351,0.1347,0.1105,0.1717,0.1175
80,enc1,0.1662,0.1133,0.1893,0.1346,0.1967,0.1429,0.2463,0.1484
80,enc2,0.0872,0.1009,0.4037,0.2351,0.3166,0.2031,0.2056,0.1596
80,enc3,0.1314,0.1486,0.5977,0.255,0.4816,0.2328,0.2751,0.1975
80,enc4,0.6432,0.0996,0.0701,0.0623,0.0605,0.0533,0.0643,0.0532
80,enc5,0.0825,0.0895,0.2809,0.1899,0.2517,0.1777,0.1591,0.1219
80,enc6,0.1092,0.1133,0.3038,0.2025,0.2627,0.1777,0.2611,0.1559
80,enc7,0.0835,0.0894,0.334,0.2192,0.2623,0.1786,0.1726,0.142
80,enc8,0.1783,0.0983,0.1654,0.135,0.1362,0.1105,0.1716,0.1173
82,enc1,0.1658,0.1129,0.1912,0.1356,0.196,0.1422,0.2472,0.1495
82,enc2,0.0871,0.1007,0.3944,0.2353,0.3137,0.2017,0.2048,0.1587
82,enc3,0.1309,0.1491,0.6003,0.2555,0.4815,0.2329,0.2763,0.1977
82,enc4,0.6338,0.101,0.0751,0.0664,0.0645,0.0564,0.0667,0.0548
82,enc5,0.0808,0.0863,0.2726,0.1866,0.2466,0.1713,0.1533,0.1208
82,enc6,0.1111,0.1164,0.3149,0.2057,0.2692,0.1806,0.2642,0.1573
82,enc7,0.0829,0.0879,0.3293,0.2165,0.2625,0.18,0.1722,0.1371
82,enc8,0.1703,0.0938,0.1644,0.133,0.1355,0.109,0.1756,0.1183
84,enc1,0.1599,0.1117,0.1879,0.1345,0.1929,0.1404,0.2418,0.1492
84,enc2,0.0886,0.1012,0.4076,0.235,0.3203,0.2057,0.2065,0.1617
84,enc3,0.1316,0.149,0.5988,0.2553,0.4831,0.2329,0.2761,0.1976
84,enc4,0.6414,0.1016,0.0712,0.0638,0.0619,0.0546,0.0647,0.0532
84,enc5,0.0813,0.0874,0.2653,0.1856,0.2365,0.1697,0.1545,0.1186
84,enc6,0.1099,0.1138,0.3052,0.2026,0.2624,0.1807,0.2607,0.156
84,enc7,0.0837,0.0882,0.3322,0.2177,0.267,0.1808,0.173,0.137
84,enc8,0.1753,0.0973,0.1625,0.1338,0.1352,0.1098,0.1748,0.1178
86,enc1,0.168,0.1141,0.1922,0.1361,0.1979,0.1434,0.247,0.1491
86,enc2,0.0874,0.1016,0.3947,0.2323,0.315,0.2021,0.2019,0.159
86,enc3,0.1312,0.1483,0.5973,0.2555,0.481,0.233,0.2755,0.1975
86,enc4,0.6381,0.0999,0.073,0.0648,0.0629,0.0552,0.0648,0.0538
86,enc5,0.0818,0.0882,0.2842,0.1922,0.2533,0.1779,0.1622,0.1265
86,enc6,0.109,0.113,0.3075,0.2036,0.2649,0.1805,0.2585,0.156
86,enc7,0.0853,0.0924,0.354,0.2262,0.274,0.1851,0.1818,0.1452
86,enc8,0.1711,0.0957,0.1617,0.133,0.1335,0.1098,0.1724,0.1169
88,enc1,0.1624,0.1119,0.1937,0.1365,0.1955,0.1412,0.2406,0.1479
88,enc2,0.0886,0.1022,0.4032,0.2335,0.32,0.2023,0.2046,0.1597
88,enc3,0.1312,0.1486,0.5978,0.2557,0.4816,0.2336,0.2763,0.1974
88,enc4,0.6514,0.1019,0.0715,0.0637,0.0618,0.0539,0.0638,0.0534
88,enc5,0.0881,0.0957,0.3087,0.2009,0.2713,0.182,0.1676,0.1344
88,enc6,0.106,0.1105,0.3027,0.1981,0.2604,0.1808,0.2503,0.1553
88,enc7,0.0859,0.0926,0.3511,0.2276,0.2766,0.188,0.1827,0.1455
88,enc8,0.1695,0.095,0.1671,0.137,0.1386,0.1143,0.1688,0.1172
90,enc1,0.1627,0.1124,0.1889,0.1339,0.1939,0.1402,0.2429,0.1484
90,enc2,0.088,0.1015,0.4081,0.2346,0.3198,0.2051,0.2086,0.1605
90,enc3,0.1312,0.1485,0.5972,0.2556,0.4811,0.2331,0.2756,0.1971
90,enc4,0.6444,0.1013,0.073,0.0648,0.0632,0.0554,0.0648,0.0535
90,enc5,0.0831,0.0873,0.287,0.1949,0.2568,0.1757,0.1602,0.1277
90,enc6,0.1091,0.1135,0.3077,0.2033,0.2638,0.1797,0.2577,0.1553
90,enc7,0.0847,0.091,0.3459,0.2284,0.2726,0.1875,0.1802,0.1418
90,enc8,0.1687,0.0939,0.1673,0.136,0.1385,0.1124,0.1742,0.1183
92,enc1,0.1668,0.1137,0.1903,0.1348,0.1972,0.1436,0.2469,0.1481
92,enc2,0.0861,0.0996,0.3853,0.233,0.3081,0.2007,0.2003,0.1567
92,enc3,0.1312,0.1485,0.598,0.2549,0.4807,0.2327,0.2748,0.1973
92,enc4,0.6403,0.0998,0.0701,0.0627,0.0606,0.0533,0.0641,0.0529
92,enc5,0.0805,0.0866,0.2635,0.1831,0.239,0.1681,0.1518,0.1191
92,enc6,0.1124,0.1158,0.3148,0.2068,0.2677,0.1807,0.264,0.1564
92,enc7,0.083,0.0882,0.3416,0.2206,0.268,0.1814,0.1759,0.1427
92,enc8,0.1741,0.0966,0.1591,0.1294,0.1327,0.1099,0.1734,0.1158
94,enc1,0.1666,0.1138,0.1901,0.1351,0.1966,0.1443,0.2424,0.1475
94,enc2,0.0877,0.1012,0.406,0.2378,0.3229,0.2049,0.206,0.1613
94,enc3,0.1317,0.1479,0.5957,0.2551,0.4827,0.2326,0.2753,0.1975
94,enc4,0.6396,0.0995,0.0717,0.0637,0.0619,0.0539,0.0646,0.0536
94,enc5,0.0799,0.0862,0.2672,0.1815,0.2358,0.1707,0.1561,0.1206
94,enc6,0.1102,0.1119,0.307,0.2023,0.2633,0.1804,0.2598,0.1558
94,enc7,0.0833,0.0888,0.3402,0.2244,0.2682,0.1823,0.1754,0.143
94,enc8,0.1694,0.0931,0.1597,0.1309,0.1328,0.1089,0.1751,0.1174
96,enc1,0.1621,0.1112,0.1818,0.1292,0.1897,0.1399,0.2405,0.1466
96,enc2,0.0874,0.1016,0.3846,0.2327,0.3135,0.2033,0.1997,0.1579
96,enc3,0.1311,0.148,0.5957,0.2558,0.4781,0.2328,0.274,0.1971
96,enc4,0.6396,0.1006,0.069,0.0618,0.0598,0.0524,0.063,0.0518
96,enc5,0.0791,0.0854,0.2677,0.1853,0.2385,0.1696,0.1578,0.123
96,enc6,0.1099,0.1135,0.3135,0.2055,0.2663,0.1838,0.2569,0.1556
96,enc7,0.0878,0.0952,0.3583,0.2282,0.2825,0.1874,0.185,0.1478
96,enc8,0.1797,0.0992,0.158,0.1316,0.1314,0.1093,0.1695,0.1162
98,enc1,0.1648,0.1126,0.1845,0.1308,0.1894,0.1391,0.2433,0.1481
98,enc2,0.0876,0.1012,0.3914,0.2319,0.3155,0.2028,0.2025,0.1584
98,enc3,0.1313,0.1486,0.5963,0.2563,0.4796,0.2332,0.2747,0.197
98,enc4,0.641,0.1011,0.0708,0.0627,0.0609,0.0534,0.0637,0.0529
98,enc5,0.0814,0.0852,0.2698,0.1854,0.2395,0.1697,0.1574,0.121
98,enc6,0.1068,0.1085,0.3031,0.1991,0.2605,0.1818,0.2522,0.1554
98,enc7,0.0833,0.088,0.3364,0.2212,0.2622,0.1801,0.1766,0.1417
98,enc8,0.1717,0.0956,0.165,0.1356,0.1375,0.1128,0.1714,0.1171
100,enc1,0.1654,0.1117,0.1856,0.1317,0.1909,0.1385,0.2435,0.1476
100,enc2,0.0888,0.1038,0.4046,0.2335,0.3235,0.2077,0.2055,0.1599
100,enc3,0.1313,0.148,0.5932,0.2564,0.4778,0.2333,0.2734,0.1967
100,enc4,0.64,0.1018,0.0708,0.0635,0.0615,0.0536,0.0641,0.0528
100,enc5,0.0802,0.0868,0.2695,0.1864,0.2385,0.1732,0.1621,0.1233
100,enc6,0.1079,0.1117,0.3145,0.2036,0.2664,0.1848,0.252,0.1548
100,enc7,0.0859,0.091,0.3486,0.2249,0.2762,0.183,0.1802,0.1432
100,enc8,0.179,0.0982,0.1613,0.1326,0.1349,0.1107,0.1706,0.1171
102,enc1,0.1625,0.1129,0.1872,0.1329,0.1937,0.1403,0.2434,0.1476
102,enc2,0.088,0.1021,0.4068,0.2313,0.3221,0.2051,0.2039,0.1589
102,enc3,0.1312,0.1489,0.5993,0.2556,0.4805,0.2334,0.2752,0.1976
102,enc4,0.6381,0.101,0.0741,0.0657,0.0639,0.0554,0.0653,0.0539
102,enc5,0.0829,0.0899,0.2821,0.1922,0.2508,0.1762,0.1622,0.1244
102,enc6,0.1059,0.1078,0.3086,0.2006,0.2659,0.184,0.2526,0.1563
102,enc7,0.0873,0.0932,0.3511,0.2266,0.2754,0.1845,0.1841,0.1479
102,enc8,0.1696,0.0946,0.1624,0.1328,0.1363,0.1117,0.1707,0.1165
104,enc1,0.1617,0.1133,0.1869,0.1332,0.194,0.142,0.2426,0.1473
104,enc2,0.0867,0.1005,0.3934,0.233,0.3171,0.2024,0.2016,0.1577
104,enc3,0.1313,0.1483,0.5964,0.2556,0.4789,0.233,0.2745,0.1972
104,enc4,0.6341,0.1015,0.0781,0.0694,0.0675,0.0586,0.0671,0.0556
104,enc5,0.0789,0.0835,0.2745,0.1904,0.2461,0.1737,0.1602,0.1241
104,enc6,0.1107,0.1151,0.3164,0.2087,0.269,0.1831,0.2587,0.1562
104,enc7,0.0854,0.0912,0.3457,0.2262,0.2736,0.1819,0.1826,0.1463
104,enc8,0.1673,0.0933,0.1653,0.1322,0.1391,0.1128,0.1759,0.1165
106,enc1,0.1625,0.1122,0.1826,0.1313,0.1895,0.1388,0.2415,0.148
106,enc2,0.0886,0.1026,0.4057,0.2335,0.3258,0.2068,0.2058,0.1603
106,enc3,0.1313,0.1483,0.5963,0.256,0.48,0.233,0.2748,0.1971
106,enc4,0.6392,0.1006,0.0717,0.0638,0.0621,0.0543,0.0647,0.0533
106,enc5,0.0821,0.0879,0.2705,0.1859,0.2409,0.1712,0.1592,0.1211
106,enc6,0.1073,0.1111,0.3065,0.2004,0.261,0.1822,0.2513,0.1549
106,enc7,0.0844,0.0889,0.3416,0.2246,0.2723,0.1823,0.1792,0.1421
106,enc8,0.1701,0.0944,0.1648,0.1333,0.1383,0.111,0.1727,0.1173
108,enc1,0.1679,0.1147,0.1863,0.133,0.1954,0.1431,0.246,0.1474
108,enc2,0.0887,0.1026,0.4061,0.2327,0.3222,0.2059,0.2044,0.1604
108,enc3,0.1312,0.1483,0.5975,0.2554,0.4809,0.2329,0.2748,0.1977
108,enc4,0.6389,0.0993,0.0702,0.0621,0.0602,0.0523,0.0639,0.0531
108,enc5,0.0799,0.0862,0.2711,0.1825,0.2392,0.1685,0.1585,0.1205
108,enc6,0.109,0.1116,0.3123,0.2038,0.2665,0.1845,0.255,0.1554
108,enc7,0.0852,0.0895,0.3451,0.2246,0.2699,0.1835,0.1835,0.1469
108,enc8,0.1717,0.0948,0.1613,0.1332,0.1354,0.1116,0.1724,0.1162
110,enc1,0.1608,0.1121,0.1849,0.1321,0.1914,0.1395,0.2426,0.1479
110,enc2,0.0867,0.1011,0.3912,0.2307,0.3159,0.2017,0.2003,0.1558
110,enc3,0.1312,0.1487,0.5985,0.2556,0.4802,0.233,0.2753,0.1972
110,enc4,0.6368,0.1001,0.074,0.066,0.064,0.0556,0.0655,0.0538
110,enc5,0.0794,0.0839,0.2691,0.1817,0.2394,0.1716,0.1545,0.1195
110,enc6,0.1088,0.1131,0.3113,0.2053,0.2644,0.1839,0.2561,0.1562
110,enc7,0.085,0.0914,0.3375,0.2241,0.2703,0.1817,0.1786,0.1435
110,enc8,0.1708,0.0955,0.1586,0.1287,0.1338,0.109,0.1738,0.1165
112,enc1,0.1665,0.1119,0.1834,0.1312,0.1914,0.139,0.2476,0.1486
112,enc2,0.0878,0.1023,0.3938,0.2322,0.3175,0.2047,0.2009,0.1564
112,enc3,0.1312,0.1479,0.5945,0.2557,0.4785,0.2327,0.2738,0.1971
112,enc4,0.6356,0.0995,0.073,0.0653,0.0632,0.0554,0.0656,0.0538
112,enc5,0.0799,0.0861,0.2604,0.1768,0.2311,0.1662,0.1562,0.1216
112,enc6,0.1109,0.1141,0.3171,0.2067,0.269,0.1851,0.2584,0.1553
112,enc7,0.0853,0.0895,0.3433,0.2276,0.2675,0.182,0.18,0.1446
112,enc8,0.1687,0.093,0.1617,0.1296,0.1369,0.1108,0.1753,0.1169
114,enc1,0.169,0.1141,0.185,0.1315,0.1934,0.1411,0.2477,0.1483
114,enc2,0.0873,0.1016,0.3956,0.2331,0.3177,0.2026,0.2013,0.1576
114,enc3,0.1313,0.1481,0.5962,0.2555,0.4798,0.2327,0.2746,0.1972
114,enc4,0.6362,0.0999,0.073,0.065,0.0632,0.0551,0.0657,0.0544
114,enc5,0.0767,0.0825,0.2626,0.1832,0.2362,0.1688,0.1558,0.1191
114,enc6,0.1101,0.1139,0.3087,0.2048,0.2635,0.1797,0.258,0.1556
114,enc7,0.084,0.0888,0.3463,0.227,0.2666,0.183,0.1799,0.1448
114,enc8,0.1686,0.0939,0.1567,0.1275,0.1322,0.1097,0.1743,0.1154
116,enc1,0.166,0.1145,0.1863,0.1327,0.1932,0.1416,0.2455,0.1489
116,enc2,0.0861,0.1009,0.3939,0.2322,0.3149,0.2003,0.2003,0.1565
116,enc3,0.1313,0.1487,0.5982,0.2557,0.4829,0.233,0.2762,0.1976
116,enc4,0.6387,0.0988,0.071,0.0629,0.0611,0.0533,0.0643,0.0534
116,enc5,0.0777,0.0822,0.2723,0.1832,0.2433,0.1706,0.1567,0.1214
116,enc6,0.1071,0.1089,0.2938,0.1958,0.2537,0.1761,0.2539,0.1543
116,enc7,0.0847,0.0907,0.3404,0.2244,0.2694,0.1823,0.1783,0.1422
116,enc8,0.1698,0.0947,0.1556,0.1275,0.13,0.1076,0.1715,0.1144
118,enc1,0.1636,0.1123,0.1832,0.1317,0.1916,0.1398,0.2436,0.1482
118,enc2,0.0884,0.1019,0.404,0.2359,0.3204,0.2071,0.2065,0.1596
118,enc3,0.1313,0.1485,0.5977,0.2556,0.4832,0.2328,0.2761,0.1976
118,enc4,0.6403,0.0988,0.068,0.06,0.0587,0.0512,0.0629,0.0519
118,enc5,0.0792,0.0842,0.2649,0.1839,0.2365,0.1661,0.1544,0.1206
118,enc6,0.1064,0.1101,0.2963,0.197,0.2542,0.1774,0.2529,0.1546
118,enc7,0.0839,0.0885,0.3333,0.2202,0.2657,0.1811,0.1727,0.1386
118,enc8,0.1769,0.0971,0.1554,0.1289,0.1287,0.1063,0.1696,0.1156
120,enc1,0.1632,0.1132,0.1866,0.133,0.1931,0.1406,0.2447,0.1489
120,enc2,0.088,0.102,0.4008,0.2334,0.3203,0.2057,0.2059,0.1589
120,enc3,0.1313,0.1484,0.5975,0.2554,0.4804,0.2328,0.275,0.1973
120,enc4,0.6378,0.0997,0.0735,0.0651,0.0636,0.0553,0.0653,0.0536
120,enc5,0.0785,0.084,0.2604,0.1826,0.2325,0.1651,0.1556,0.1199
120,enc6,0.1087,0.1123,0.305,0.2032,0.2605,0.1812,0.2565,0.1556
120,enc7,0.0835,0.0891,0.3317,0.2208,0.264,0.1799,0.1739,0.1377
120,enc8,0.1697,0.0933,0.1575,0.1276,0.1336,0.109,0.1745,0.1161
122,enc1,0.1638,0.1111,0.1816,0.1299,0.1873,0.1374,0.2439,0.1483
122,enc2,0.0886,0.1038,0.3972,0.2341,0.3194,0.2077,0.2041,0.1598
122,enc3,0.1314,0.1478,0.5934,0.2565,0.4792,0.2329,0.2734,0.1968
122,enc4,0.6334,0.0995,0.0741,0.0664,0.0643,0.0558,0.0658,0.054
122,enc5,0.0794,0.0857,0.2475,0.1732,0.2223,0.1588,0.1523,0.116
122,enc6,0.1083,0.1094,0.314,0.2036,0.2671,0.1875,0.2547,0.1566
122,enc7,0.0845,0.0898,0.3405,0.2201,0.2681,0.1789,0.1784,0.1406
122,enc8,0.1684,0.0932,0.1595,0.1288,0.136,0.1101,0.1762,0.1173
124,enc1,0.1658,0.1138,0.1835,0.1317,0.1912,0.1396,0.2475,0.149
124,enc2,0.0859,0.0995,0.3879,0.2328,0.3137,0.202,0.2016,0.1579
124,enc3,0.1313,0.1486,0.5979,0.2556,0.4823,0.2328,0.2759,0.1973
124,enc4,0.6352,0.0992,0.0716,0.0637,0.062,0.0543,0.0649,0.0535
124,enc5,0.0756,0.0797,0.2611,0.1802,0.2361,0.168,0.1517,0.1182
124,enc6,0.1092,0.1129,0.299,0.1984,0.2554,0.1756,0.2587,0.1546
124,enc7,0.0838,0.0894,0.3309,0.2184,0.2647,0.1803,0.1737,0.1379
124,enc8,0.1736,0.0945,0.1563,0.1276,0.1316,0.1071,0.175,0.1161
126,enc1,0.1663,0.1124,0.1839,0.131,0.1904,0.1389,0.2458,0.1484
126,enc2,0.0874,0.1016,0.3832,0.2327,0.3114,0.2056,0.199,0.1572
126,enc3,0.1313,0.148,0.5946,0.256,0.4795,0.2328,0.274,0.1969
126,enc4,0.6339,0.0995,0.0725,0.0647,0.0628,0.0545,0.0648,0.0533
126,enc5,0.0779,0.0834,0.2546,0.1774,0.2265,0.164,0.153,0.1184
126,enc6,0.1115,0.1131,0.3108,0.2049,0.2652,0.1834,0.2611,0.1564
126,enc7,0.0827,0.0866,0.3413,0.2219,0.2677,0.1826,0.1778,0.1434
126,enc8,0.173,0.0957,0.1572,0.1288,0.1322,0.1087,0.175,0.1162
128,enc1,0.1661,0.1145,0.1863,0.1327,0.1939,0.1417,0.2466,0.1489
128,enc2,0.0856,0.1001,0.3919,0.2322,0.3115,0.2006,0.2005,0.1556
128,enc3,0.1312,0.149,0.6004,0.2554,0.4829,0.233,0.2764,0.1977
128,enc4,0.6418,0.0989,0.0687,0.0608,0.0592,0.0519,0.0636,0.0528
128,enc5,0.0785,0.083,0.2686,0.1773,0.2431,0.1693,0.1528,0.1186
128,enc6,0.109,0.1134,0.3021,0.1999,0.2572,0.1771,0.258,0.1557
128,enc7,0.0813,0.0837,0.3318,0.2176,0.2665,0.1807,0.173,0.1407
128,enc8,0.1724,0.095,0.1517,0.1253,0.1272,0.105,0.1705,0.1142
130,enc1,0.1635,0.1117,0.1816,0.1314,0.1879,0.137,0.2471,0.1499
130,enc2,0.0876,0.1018,0.392,0.2336,0.3154,0.2047,0.2032,0.158
130,enc3,0.1311,0.1486,0.5975,0.2558,0.4801,0.2326,0.2755,0.1972
130,enc4,0.6376,0.1001,0.0702,0.0623,0.0608,0.0532,0.0638,0.0522
130,enc5,0.0799,0.0855,0.2601,0.1783,0.2305,0.1661,0.1521,0.1177
130,enc6,0.1065,0.1096,0.298,0.1969,0.2547,0.179,0.2522,0.1544
130,enc7,0.0831,0.087,0.3185,0.2141,0.2592,0.1781,0.17,0.1343
130,enc8,0.1751,0.0973,0.1593,0.1308,0.1343,0.1082,0.1722,0.117
132,enc1,0.1675,0.1128,0.1806,0.1298,0.1899,0.1383,0.2471,0.1484
132,enc2,0.0882,0.1034,0.3882,0.232,0.3158,0.2034,0.2007,0.157
132,enc3,0.1315,0.148,0.5952,0.2559,0.4807,0.2328,0.2745,0.1972
132,enc4,0.6372,0.0997,0.0714,0.063,0.0615,0.0533,0.0641,0.053
132,enc5,0.0787,0.0859,0.2562,0.1812,0.2304,0.1649,0.1547,0.1167
132,enc6,0.1058,0.1062,0.2992,0.1958,0.2593,0.1805,0.2529,0.1549
132,enc7,0.0838,0.0878,0.3452,0.2255,0.2698,0.1784,0.1811,0.1454
132,enc8,0.1733,0.096,0.1548,0.1287,0.1303,0.1073,0.1703,0.1152
134,enc1,0.1663,0.1132,0.1834,0.1314,0.1912,0.1391,0.2483,0.149
134,enc2,0.0862,0.1,0.3896,0.2327,0.3119,0.2013,0.2004,0.156
134,enc3,0.1314,0.1486,0.5978,0.2555,0.4818,0.2327,0.2754,0.1971
134,enc4,0.6401,0.0985,0.0704,0.0624,0.0609,0.0531,0.0642,0.0525
134,enc5,0.076,0.0817,0.2556,0.1776,0.2295,0.1658,0.1504,0.1178
134,enc6,0.1088,0.1132,0.301,0.1992,0.2564,0.1773,0.2577,0.1557
134,enc7,0.0838,0.0889,0.3367,0.2192,0.2659,0.1833,0.1749,0.1388
134,enc8,0.1788,0.0984,0.1517,0.1268,0.1265,0.1046,0.1699,0.1151
136,enc1,0.1676,0.1142,0.1845,0.1322,0.1924,0.1407,0.2477,0.1488
136,enc2,0.0855,0.1003,0.3837,0.2331,0.3106,0.2015,0.1981,0.1547
136,enc3,0.1312,0.1483,0.5977,0.2554,0.4826,0.2326,0.2761,0.1973
136,enc4,0.6372,0.0991,0.0703,0.0628,0.0608,0.0538,0.0647,0.0534
136,enc5,0.077,0.0796,0.256,0.1756,0.2306,0.1645,0.1498,0.1192
136,enc6,0.1119,0.1154,0.3051,0.2015,0.2568,0.1765,0.2623,0.1566
136,enc7,0.0818,0.0857,0.3282,0.2171,0.2607,0.1805,0.1713,0.1345
136,enc8,0.1735,0.096,0.1521,0.1245,0.1275,0.1057,0.1713,0.1147
138,enc1,0.1687,0.1131,0.1825,0.1311,0.1921,0.1399,0.2459,0.148
138,enc2,0.0874,0.1019,0.3945,0.2329,0.3175,0.2051,0.2009,0.158
138,enc3,0.1313,0.148,0.5944,0.2558,0.4797,0.2326,0.2739,0.1971
138,enc4,0.6369,0.0995,0.0693,0.0617,0.0596,0.052,0.0633,0.0526
138,enc5,0.0762,0.0822,0.2377,0.1702,0.214,0.1562,0.1487,0.1143
138,enc6,0.1095,0.1111,0.3154,0.2038,0.2671,0.1853,0.2577,0.1563
138,enc7,0.0826,0.0856,0.3337,0.2174,0.2604,0.1757,0.1749,0.1392
138,enc8,0.1747,0.0964,0.1509,0.1263,0.1271,0.1069,0.171,0.1147
140,enc1,0.1676,0.1137,0.1829,0.1313,0.1916,0.1397,0.2499,0.1488
140,enc2,0.0856,0.0999,0.3852,0.2334,0.3094,0.1995,0.1991,0.1556
140,enc3,0.1312,0.1486,0.5981,0.2554,0.4812,0.2324,0.2756,0.1972
140,enc4,0.6317,0.0995,0.07,0.0622,0.0605,0.0528,0.064,0.0526
140,enc5,0.0757,0.0794,0.2539,0.171,0.2266,0.1634,0.1485,0.1156
140,enc6,0.1114,0.1154,0.3067,0.2019,0.2595,0.1771,0.2614,0.1563
140,enc7,0.0806,0.083,0.3273,0.2175,0.2615,0.1794,0.1724,0.1376
140,enc8,0.1777,0.0969,0.1525,0.1271,0.1277,0.1055,0.172,0.1151
142,enc1,0.1662,0.1144,0.1827,0.1314,0.191,0.1396,0.2473,0.1497
142,enc2,0.0856,0.1002,0.3774,0.233,0.3095,0.2015,0.1981,0.1577
142,enc3,0.1315,0.1483,0.5963,0.2557,0.4813,0.2325,0.2752,0.197
142,enc4,0.6378,0.0985,0.0719,0.0637,0.0621,0.0544,0.065,0.0533
142,enc5,0.0763,0.0822,0.2564,0.1736,0.2289,0.163,0.1511,0.1185
142,enc6,0.1108,0.1139,0.3012,0.1996,0.255,0.1757,0.2599,0.1553
142,enc7,0.0813,0.0842,0.3264,0.2173,0.2615,0.1811,0.1705,0.1357
142,enc8,0.1709,0.0946,0.1555,0.1269,0.1309,0.1071,0.1753,0.1158
144,enc1,0.1688,0.1139,0.1827,0.1307,0.1905,0.1392,0.25,0.1489
144,enc2,0.0861,0.1003,0.3961,0.2343,0.316,0.2021,0.2031,0.1574
144,enc3,0.1313,0.1487,0.5996,0.2555,0.4841,0.2329,0.2767,0.1977
144,enc4,0.64,0.0988,0.0677,0.0599,0.0585,0.051,0.0632,0.0521
144,enc5,0.076,0.0806,0.2626,0.1757,0.2342,0.1657,0.1499,0.117
144,enc6,0.1087,0.1131,0.3011,0.1988,0.2558,0.1772,0.2574,0.1558
144,enc7,0.0844,0.0894,0.3303,0.2182,0.2639,0.1807,0.174,0.139
144,enc8,0.1761,0.0953,0.1529,0.1268,0.1278,0.1047,0.1723,0.1153
146,enc1,0.1695,0.1138,0.1826,0.1312,0.1922,0.1407,0.246,0.148
146,enc2,0.0867,0.1009,0.3932,0.2327,0.3156,0.2041,0.2009,0.1572
146,enc3,0.1314,0.1481,0.5956,0.2554,0.48,0.2326,0.2742,0.1971
146,enc4,0.6386,0.098,0.067,0.0596,0.0579,0.0505,0.0629,0.0522
146,enc5,0.0747,0.0806,0.2472,0.1747,0.2217,0.1612,0.1497,0.1161
146,enc6,0.1104,0.1122,0.3073,0.2034,0.2625,0.1797,0.2598,0.1562
146,enc7,0.0837,0.0888,0.3386,0.2234,0.2617,0.1796,0.1769,0.1431
146,enc8,0.1774,0.0971,0.1504,0.1255,0.1262,0.105,0.1706,0.1144
148,enc1,0.1651,0.1122,0.1821,0.1312,0.1897,0.1386,0.2438,0.1485
148,enc2,0.0889,0.1043,0.3979,0.2343,0.3206,0.2076,0.2023,0.1586
148,enc3,0.1314,0.148,0.5953,0.2559,0.4806,0.2327,0.2742,0.1971
148,enc4,0.6372,0.0999,0.0704,0.0625,0.0609,0.0526,0.0636,0.0524
148,enc5,0.0775,0.0826,0.2394,0.1694,0.2143,0.1573,0.1466,0.1115
148,enc6,0.1067,0.1076,0.3099,0.2011,0.2649,0.1851,0.2535,0.1567
148,enc7,0.084,0.0882,0.3284,0.2172,0.2566,0.1756,0.1716,0.1384
148,enc8,0.1729,0.0948,0.1531,0.1273,0.129,0.1068,0.1733,0.1155
150,enc1,0.1629,0.1125,0.1818,0.1315,0.1881,0.1385,0.243,0.1488
150,enc2,0.088,0.1024,0.3989,0.233,0.3202,0.2048,0.2029,0.1592
150,enc3,0.1315,0.1483,0.5959,0.2558,0.4804,0.2327,0.2744,0.1968
150,enc4,0.6383,0.1005,0.0701,0.0625,0.061,0.053,0.0637,0.052
150,enc5,0.0776,0.0845,0.2412,0.1732,0.2215,0.1584,0.1439,0.1126
150,enc6,0.1079,0.1111,0.3025,0.2001,0.2559,0.1818,0.2545,0.1555
150,enc7,0.0841,0.0875,0.3175,0.215,0.2575,0.1765,0.168,0.1317
150,enc8,0.1797,0.0986,0.1539,0.1284,0.1294,0.107,0.1716,0.1161
