에폭,val_recon,S,S기여_x_clean,S기여_bw,S기여_ma,S기여_em,corr_x_clean_최고인코더,corr_x_clean_값,corr_bw_최고인코더,corr_bw_값,corr_ma_최고인코더,corr_ma_값,corr_em_최고인코더,corr_em_값,rmse_norm_x_clean_최고인코더,rmse_norm_x_clean_값,rmse_norm_bw_최고인코더,rmse_norm_bw_값,rmse_norm_ma_최고인코더,rmse_norm_ma_값,rmse_norm_em_최고인코더,rmse_norm_em_값,mad_x_clean_최고인코더,mad_x_clean_값,mad_bw_최고인코더,mad_bw_값,mad_ma_최고인코더,mad_ma_값,mad_em_최고인코더,mad_em_값,선택여부
40,0.0235,0.4902,0.6136,0.5973,0.476,0.2738,enc4,0.6136,enc3,0.5973,enc3,0.476,enc3,0.2738,enc4,0.8719,enc3,0.8761,enc3,1.0204,enc3,1.2259,enc4,5.4869,enc3,2.233,enc3,3.3326,enc3,4.0857,
42,0.0248,0.4844,0.5973,0.5972,0.4693,0.2737,enc4,0.5973,enc3,0.5972,enc3,0.4693,enc3,0.2737,enc4,0.8901,enc3,0.8774,enc3,1.0279,enc3,1.2269,enc4,5.1877,enc3,2.2212,enc3,3.3452,enc3,4.0948,
46,0.0222,0.4955,0.6331,0.598,0.4762,0.2749,enc4,0.6331,enc3,0.598,enc3,0.4762,enc3,0.2749,enc4,0.8483,enc3,0.877,enc3,1.0203,enc3,1.2255,enc4,5.1635,enc3,2.2324,enc3,3.3391,enc3,4.0822,
48,0.0205,0.4989,0.6414,0.6019,0.4768,0.2754,enc4,0.6414,enc3,0.6019,enc3,0.4768,enc3,0.2754,enc4,0.8389,enc3,0.8723,enc3,1.021,enc3,1.2255,enc4,5.3237,enc3,2.2114,enc3,3.3359,enc3,4.0799,
50,0.0231,0.4946,0.6252,0.6011,0.4764,0.2757,enc4,0.6252,enc3,0.6011,enc3,0.4764,enc3,0.2757,enc4,0.8575,enc3,0.8731,enc3,1.0206,enc3,1.2254,enc4,4.9695,enc3,2.1994,enc3,3.3325,enc3,4.0758,
52,0.019,0.4975,0.6418,0.5979,0.4751,0.2751,enc4,0.6418,enc3,0.5979,enc3,0.4751,enc3,0.2751,enc4,0.8379,enc3,0.8767,enc3,1.0213,enc3,1.2252,enc4,4.9981,enc3,2.2221,enc3,3.3333,enc3,4.0845,
54,0.0195,0.4957,0.6403,0.5932,0.475,0.2741,enc4,0.6403,enc3,0.5932,enc3,0.475,enc3,0.2741,enc4,0.8396,enc3,0.8811,enc3,1.021,enc3,1.2249,enc4,5.0554,enc3,2.2398,enc3,3.3249,enc3,4.0891,
56,0.0198,0.4982,0.638,0.5993,0.4796,0.2759,enc4,0.638,enc3,0.5993,enc3,0.4796,enc3,0.2759,enc4,0.8426,enc3,0.8744,enc3,1.0168,enc3,1.224,enc4,5.1012,enc3,2.2121,enc3,3.3264,enc3,4.0776,
58,0.0181,0.498,0.6407,0.5965,0.4797,0.275,enc4,0.6407,enc3,0.5965,enc3,0.4797,enc3,0.275,enc4,0.8393,enc3,0.8767,enc3,1.0163,enc3,1.2242,enc4,5.0025,enc3,2.2212,enc3,3.3212,enc3,4.0808,
60,0.0186,0.4991,0.6415,0.5987,0.4795,0.2766,enc4,0.6415,enc3,0.5987,enc3,0.4795,enc3,0.2766,enc4,0.8382,enc3,0.8752,enc3,1.0171,enc3,1.2238,enc4,5.0519,enc3,2.2146,enc3,3.3294,enc3,4.077,
62,0.0184,0.4984,0.6434,0.5958,0.4795,0.275,enc4,0.6434,enc3,0.5958,enc3,0.4795,enc3,0.275,enc4,0.836,enc3,0.877,enc3,1.0159,enc3,1.2236,enc4,4.9815,enc3,2.2385,enc3,3.3223,enc3,4.0831,
64,0.0187,0.4992,0.6405,0.5998,0.4803,0.2764,enc4,0.6405,enc3,0.5998,enc3,0.4803,enc3,0.2764,enc4,0.8395,enc3,0.8738,enc3,1.0166,enc3,1.224,enc4,5.0218,enc3,2.2234,enc3,3.3314,enc3,4.0828,
66,0.0172,0.5008,0.6432,0.6002,0.483,0.2766,enc4,0.6432,enc3,0.6002,enc3,0.483,enc3,0.2766,enc4,0.8366,enc3,0.8729,enc3,1.0135,enc3,1.2233,enc4,5.0332,enc3,2.2162,enc3,3.32,enc3,4.0771,
68,0.0186,0.5014,0.6439,0.6001,0.4847,0.2769,enc4,0.6439,enc3,0.6001,enc3,0.4847,enc3,0.2769,enc4,0.8357,enc3,0.8732,enc3,1.012,enc3,1.2231,enc4,4.9654,enc3,2.221,enc3,3.3206,enc3,4.074,
70,0.0193,0.497,0.6396,0.5945,0.4796,0.2742,enc4,0.6396,enc3,0.5945,enc3,0.4796,enc3,0.2742,enc4,0.8408,enc3,0.8786,enc3,1.016,enc3,1.2243,enc4,5.0508,enc3,2.2523,enc3,3.3259,enc3,4.0898,
72,0.0175,0.4989,0.6401,0.5987,0.4814,0.2753,enc4,0.6401,enc3,0.5987,enc3,0.4814,enc3,0.2753,enc4,0.8405,enc3,0.8737,enc3,1.0145,enc3,1.2237,enc4,5.0133,enc3,2.2362,enc3,3.3257,enc3,4.0877,
74,0.0181,0.5009,0.6472,0.5989,0.4811,0.2765,enc4,0.6472,enc3,0.5989,enc3,0.4811,enc3,0.2765,enc4,0.8317,enc3,0.8746,enc3,1.0159,enc3,1.2241,enc4,4.9967,enc3,2.2208,enc3,3.3284,enc3,4.0818,
76,0.0183,0.4985,0.6357,0.5999,0.4819,0.2764,enc4,0.6357,enc3,0.5999,enc3,0.4819,enc3,0.2764,enc4,0.8455,enc3,0.8735,enc3,1.0151,enc3,1.2242,enc4,5.0834,enc3,2.2318,enc3,3.3332,enc3,4.0864,
78,0.0174,0.5016,0.6459,0.6,0.4839,0.2766,enc4,0.6459,enc3,0.6,enc3,0.4839,enc3,0.2766,enc4,0.8336,enc3,0.8732,enc3,1.0127,enc3,1.2236,enc4,5.0527,enc3,2.2223,enc3,3.3222,enc3,4.0772,
80,0.0175,0.4994,0.6432,0.5977,0.4816,0.2751,enc4,0.6432,enc3,0.5977,enc3,0.4816,enc3,0.2751,enc4,0.8369,enc3,0.8756,enc3,1.0147,enc3,1.2241,enc4,5.0403,enc3,2.2484,enc3,3.3298,enc3,4.0921,
82,0.0175,0.498,0.6338,0.6003,0.4815,0.2763,enc4,0.6338,enc3,0.6003,enc3,0.4815,enc3,0.2763,enc4,0.848,enc3,0.8726,enc3,1.0155,enc3,1.2242,enc4,5.0143,enc3,2.2263,enc3,3.3331,enc3,4.0886,
84,0.0178,0.4999,0.6414,0.5988,0.4831,0.2761,enc4,0.6414,enc3,0.5988,enc3,0.4831,enc3,0.2761,enc4,0.8388,enc3,0.8744,enc3,1.0135,enc3,1.2238,enc4,5.0237,enc3,2.2465,enc3,3.3327,enc3,4.09,
86,0.0171,0.498,0.6381,0.5973,0.481,0.2755,enc4,0.6381,enc3,0.5973,enc3,0.481,enc3,0.2755,enc4,0.843,enc3,0.8758,enc3,1.0153,enc3,1.2238,enc4,5.1038,enc3,2.2576,enc3,3.3334,enc3,4.0946,
88,0.0175,0.5018,0.6514,0.5978,0.4816,0.2763,enc4,0.6514,enc3,0.5978,enc3,0.4816,enc3,0.2763,enc4,0.8266,enc3,0.8758,enc3,1.0152,enc3,1.2236,enc4,5.0668,enc3,2.2469,enc3,3.3326,enc3,4.0899,선택
90,0.0178,0.4995,0.6444,0.5972,0.4811,0.2756,enc4,0.6444,enc3,0.5972,enc3,0.4811,enc3,0.2756,enc4,0.8353,enc3,0.8765,enc3,1.0157,enc3,1.2243,enc4,5.1042,enc3,2.2573,enc3,3.3377,enc3,4.0979,
92,0.0173,0.4985,0.6403,0.598,0.4807,0.2748,enc4,0.6403,enc3,0.598,enc3,0.4807,enc3,0.2748,enc4,0.8404,enc3,0.8749,enc3,1.0156,enc3,1.2246,enc4,5.0798,enc3,2.2663,enc3,3.3403,enc3,4.1025,
94,0.0172,0.4983,0.6396,0.5957,0.4827,0.2753,enc4,0.6396,enc3,0.5957,enc3,0.4827,enc3,0.2753,enc4,0.8413,enc3,0.8776,enc3,1.0128,enc3,1.223,enc4,5.0987,enc3,2.2653,enc3,3.3223,enc3,4.0916,
96,0.0174,0.4968,0.6396,0.5957,0.4781,0.274,enc4,0.6396,enc3,0.5957,enc3,0.4781,enc3,0.274,enc4,0.8412,enc3,0.8771,enc3,1.0179,enc3,1.2251,enc4,5.0917,enc3,2.2805,enc3,3.3523,enc3,4.1146,
98,0.0173,0.4979,0.641,0.5963,0.4796,0.2747,enc4,0.641,enc3,0.5963,enc3,0.4796,enc3,0.2747,enc4,0.8394,enc3,0.8768,enc3,1.017,enc3,1.2249,enc4,5.1125,enc3,2.2623,enc3,3.3461,enc3,4.1052,
100,0.0182,0.4961,0.64,0.5932,0.4778,0.2734,enc4,0.64,enc3,0.5932,enc3,0.4778,enc3,0.2734,enc4,0.8405,enc3,0.88,enc3,1.018,enc3,1.2253,enc4,5.0797,enc3,2.3019,enc3,3.354,enc3,4.116,
102,0.0168,0.4983,0.6381,0.5993,0.4805,0.2752,enc4,0.6381,enc3,0.5993,enc3,0.4805,enc3,0.2752,enc4,0.843,enc3,0.8734,enc3,1.0162,enc3,1.2246,enc4,5.0646,enc3,2.2524,enc3,3.3413,enc3,4.0986,
104,0.0173,0.496,0.6341,0.5964,0.4789,0.2745,enc4,0.6341,enc3,0.5964,enc3,0.4789,enc3,0.2745,enc4,0.8477,enc3,0.8764,enc3,1.0172,enc3,1.2247,enc4,5.1561,enc3,2.2636,enc3,3.3417,enc3,4.1034,
106,0.017,0.4976,0.6392,0.5963,0.48,0.2748,enc4,0.6392,enc3,0.5963,enc3,0.48,enc3,0.2748,enc4,0.8417,enc3,0.8768,enc3,1.0165,enc3,1.2246,enc4,5.0632,enc3,2.2753,enc3,3.3468,enc3,4.1061,
108,0.0169,0.498,0.6389,0.5975,0.4809,0.2748,enc4,0.6389,enc3,0.5975,enc3,0.4809,enc3,0.2748,enc4,0.8422,enc3,0.875,enc3,1.0151,enc3,1.2241,enc4,5.073,enc3,2.2642,enc3,3.336,enc3,4.1006,
110,0.0171,0.4977,0.6368,0.5985,0.4802,0.2753,enc4,0.6368,enc3,0.5985,enc3,0.4802,enc3,0.2753,enc4,0.8447,enc3,0.8746,enc3,1.0165,enc3,1.2246,enc4,5.082,enc3,2.2634,enc3,3.3444,enc3,4.1031,
112,0.0179,0.4956,0.6356,0.5945,0.4785,0.2738,enc4,0.6356,enc3,0.5945,enc3,0.4785,enc3,0.2738,enc4,0.8462,enc3,0.8783,enc3,1.0173,enc3,1.2249,enc4,5.093,enc3,2.2938,enc3,3.3503,enc3,4.1147,
114,0.0169,0.4967,0.6362,0.5962,0.4798,0.2746,enc4,0.6362,enc3,0.5962,enc3,0.4798,enc3,0.2746,enc4,0.8454,enc3,0.8767,enc3,1.0161,enc3,1.2243,enc4,5.1085,enc3,2.2729,enc3,3.339,enc3,4.1036,
116,0.0166,0.499,0.6387,0.5982,0.4829,0.2762,enc4,0.6387,enc3,0.5982,enc3,0.4829,enc3,0.2762,enc4,0.8426,enc3,0.8749,enc3,1.0137,enc3,1.2235,enc4,5.0773,enc3,2.2498,enc3,3.3317,enc3,4.0907,
118,0.018,0.4993,0.6403,0.5977,0.4832,0.2761,enc4,0.6403,enc3,0.5977,enc3,0.4832,enc3,0.2761,enc4,0.8406,enc3,0.8755,enc3,1.0132,enc3,1.2233,enc4,5.0619,enc3,2.2571,enc3,3.332,enc3,4.0923,
120,0.0168,0.4977,0.6378,0.5975,0.4804,0.275,enc4,0.6378,enc3,0.5975,enc3,0.4804,enc3,0.275,enc4,0.8435,enc3,0.8755,enc3,1.016,enc3,1.2244,enc4,5.0755,enc3,2.2656,enc3,3.3407,enc3,4.1021,
122,0.0177,0.4949,0.6334,0.5934,0.4792,0.2734,enc4,0.6334,enc3,0.5934,enc3,0.4792,enc3,0.2734,enc4,0.8489,enc3,0.8793,enc3,1.0166,enc3,1.225,enc4,5.1142,enc3,2.3169,enc3,3.3575,enc3,4.1195,
124,0.0169,0.4978,0.6352,0.5979,0.4823,0.2759,enc4,0.6352,enc3,0.5979,enc3,0.4823,enc3,0.2759,enc4,0.8467,enc3,0.8753,enc3,1.0142,enc3,1.2238,enc4,5.1214,enc3,2.2592,enc3,3.3362,enc3,4.0952,
126,0.0173,0.4955,0.6339,0.5946,0.4795,0.274,enc4,0.6339,enc3,0.5946,enc3,0.4795,enc3,0.274,enc4,0.8482,enc3,0.8782,enc3,1.0162,enc3,1.2246,enc4,5.149,enc3,2.2948,enc3,3.3461,enc3,4.1113,
128,0.0169,0.5004,0.6418,0.6004,0.4829,0.2764,enc4,0.6418,enc3,0.6004,enc3,0.4829,enc3,0.2764,enc4,0.8388,enc3,0.8726,enc3,1.014,enc3,1.2239,enc4,5.0345,enc3,2.243,enc3,3.3333,enc3,4.0899,
130,0.0177,0.4977,0.6376,0.5975,0.4801,0.2755,enc4,0.6376,enc3,0.5975,enc3,0.4801,enc3,0.2755,enc4,0.8437,enc3,0.8758,enc3,1.0166,enc3,1.2245,enc4,5.0652,enc3,2.262,enc3,3.3452,enc3,4.101,
132,0.0166,0.4969,0.6372,0.5952,0.4807,0.2745,enc4,0.6372,enc3,0.5952,enc3,0.4807,enc3,0.2745,enc4,0.8442,enc3,0.8776,enc3,1.0151,enc3,1.2239,enc4,5.1083,enc3,2.2697,enc3,3.3359,enc3,4.0987,
134,0.017,0.4988,0.6401,0.5978,0.4818,0.2754,enc4,0.6401,enc3,0.5978,enc3,0.4818,enc3,0.2754,enc4,0.841,enc3,0.8754,enc3,1.0148,enc3,1.2244,enc4,5.0693,enc3,2.2681,enc3,3.339,enc3,4.1002,
136,0.0173,0.4984,0.6372,0.5977,0.4826,0.2761,enc4,0.6372,enc3,0.5977,enc3,0.4826,enc3,0.2761,enc4,0.8443,enc3,0.8756,enc3,1.0137,enc3,1.2235,enc4,5.1265,enc3,2.2599,enc3,3.3312,enc3,4.0927,
138,0.0173,0.4962,0.6369,0.5944,0.4797,0.2739,enc4,0.6369,enc3,0.5944,enc3,0.4797,enc3,0.2739,enc4,0.8447,enc3,0.8781,enc3,1.0162,enc3,1.2247,enc4,5.0931,enc3,2.3046,enc3,3.3514,enc3,4.1125,
140,0.0183,0.4967,0.6317,0.5981,0.4812,0.2756,enc4,0.6317,enc3,0.5981,enc3,0.4812,enc3,0.2756,enc4,0.8508,enc3,0.875,enc3,1.0153,enc3,1.2243,enc4,5.2006,enc3,2.2587,enc3,3.3383,enc3,4.0961,
142,0.0166,0.4977,0.6378,0.5963,0.4813,0.2752,enc4,0.6378,enc3,0.5963,enc3,0.4813,enc3,0.2752,enc4,0.8436,enc3,0.877,enc3,1.015,enc3,1.2242,enc4,5.0888,enc3,2.2675,enc3,3.3378,enc3,4.0986,
144,0.0167,0.5001,0.64,0.5996,0.4841,0.2767,enc4,0.64,enc3,0.5996,enc3,0.4841,enc3,0.2767,enc4,0.841,enc3,0.8733,enc3,1.0125,enc3,1.2233,enc4,5.0743,enc3,2.246,enc3,3.3278,enc3,4.0874,
146,0.0166,0.4971,0.6386,0.5956,0.48,0.2742,enc4,0.6386,enc3,0.5956,enc3,0.48,enc3,0.2742,enc4,0.8427,enc3,0.8772,enc3,1.0157,enc3,1.2244,enc4,5.0753,enc3,2.2777,enc3,3.3383,enc3,4.1036,
148,0.0172,0.4968,0.6372,0.5953,0.4806,0.2742,enc4,0.6372,enc3,0.5953,enc3,0.4806,enc3,0.2742,enc4,0.8443,enc3,0.8774,enc3,1.0153,enc3,1.2243,enc4,5.1108,enc3,2.2856,enc3,3.3423,enc3,4.105,
150,0.0176,0.4972,0.6383,0.5959,0.4804,0.2744,enc4,0.6383,enc3,0.5959,enc3,0.4804,enc3,0.2744,enc4,0.8429,enc3,0.8775,enc3,1.0159,enc3,1.2249,enc4,5.0525,enc3,2.2875,enc3,3.3477,enc3,4.1082,
